id,student_id,teacher_id,juz,juz_hali,jadeed_surah_ayat,week_date,notes,created_at
00c3bc5f-1076-47af-b4c5-8be7c13bf78d,36dd4f6e-8a1c-4ec2-99c5-6b5b2dc5f394,341cd4f7-8e45-4a26-a570-77755a90a42c,"[{""value"":""30"",""marks"":""7""},{},{}]","{""type"":""pages"",""from"":""584"",""till"":""585"",""marks"":""8""}","{""type"":""no"",""wusoolJuz"":""30"",""wusoolSurah"":""78"",""wusoolAyah"":""40"",""wusoolPage"":""583""}",2026-08-05,,2026-08-05 12:22:11.916705+00
05ed5c2d-a497-4a4a-8d30-8d468d04cb39,39d4794c-a9bb-438d-b5a5-77ef030d0336,34396324-e7f3-4e96-b05a-e7e4defc89e8,"{""value"":""1"",""marks"":""9""}","{""from"":""1"",""till"":""5""}",,2026-08-01,juzhali 5juz 1 to 5,2026-08-01 12:32:36.861374+00
0838be5a-214e-4745-9938-6ec7cec08fe4,7df8c8ef-c6cb-471e-98dc-a1b39ea1327f,f139bff5-780e-4dfa-bde1-3570b1f32467,"{""value"":""5"",""marks"":""4""}","{""type"":""juz"",""from"":""6"",""till"":""6""}","{""type"":""surah_ayat"",""from"":"""",""till"":"""",""surah"":""المائدة"",""ayat"":""18""}",2026-08-01,108 to 110 juz hali 5juz majboot kariye,2026-08-01 12:21:03.007038+00
09c92a0b-0078-4926-b7de-95ddd61b604a,9dda1944-b1ca-4e37-a20d-0906edc48e79,341cd4f7-8e45-4a26-a570-77755a90a42c,"[{""value"":""30"",""marks"":""8""},{},{}]","{""type"":""pages"",""from"":""594"",""till"":""596"",""marks"":""7""}","{""type"":""surah_ayat"",""surah"":""89"",""ayat"":""10"",""page"":593}",2026-08-03,,2026-08-03 11:26:53.601426+00
14a8c0f0-f69e-47e7-ad2c-4e790ccec2ea,302af2cb-86c3-4463-b633-0d84a105c022,f139bff5-780e-4dfa-bde1-3570b1f32467,"{""value"":""30"",""marks"":""8""}","{""type"":""surah"",""from"":""النبأ"",""till"":""عبس"",""marks"":""7""}",,2026-08-03,,2026-08-03 11:26:13.625798+00
17d25a53-4b88-4a11-b33c-91cc8bcf1c5c,209a7cc0-b3c1-4bcb-8e09-441984bc81ac,34396324-e7f3-4e96-b05a-e7e4defc89e8,"{""value"":""30"",""marks"":""7""}","{""from"":""الانشقاق"",""type"":""surah"",""till"":""الناس"",""marks"":""7""}","{""type"":""surah_ayat"",""from"":"""",""till"":"""",""surah"":""المطففين"",""ayat"":""24""}",2026-08-01,,2026-08-01 12:03:22.823751+00
1f66812e-abea-4ae0-a5bc-40d4516a78b0,0f23c938-cf37-41ad-8fd9-8fbd0ab9f133,341cd4f7-8e45-4a26-a570-77755a90a42c,,,"{""till"":"""",""type"":""surah_ayat"",""from"":"""",""surah"":""البروج"",""ayat"":""5ayat""}",2026-07-15,,2026-07-15 10:32:39.854515+00
1fae776a-4fe1-471f-ba99-fd9fd176e9ba,39d4794c-a9bb-438d-b5a5-77ef030d0336,34396324-e7f3-4e96-b05a-e7e4defc89e8,"{""value"":""1"",""marks"":""7""}","{""from"":""5"",""till"":""5"",""marks"":""7""}",,2026-08-04,,2026-08-04 16:33:47.726932+00
20619a22-28d4-47de-821f-8dc68617e2be,7df8c8ef-c6cb-471e-98dc-a1b39ea1327f,f139bff5-780e-4dfa-bde1-3570b1f32467,"{""value"":""3"",""marks"":""5""}","{""type"":""juz"",""from"":""6"",""till"":""6"",""marks"":""5""}","{""type"":""surah_ayat"",""from"":"""",""till"":"""",""surah"":""المائدة"",""ayat"":""23""}",2026-08-04,speedddd,2026-08-04 12:04:09.472409+00
22f7985e-d4f8-45fd-8eb6-ed02a93458ce,302af2cb-86c3-4463-b633-0d84a105c022,34396324-e7f3-4e96-b05a-e7e4defc89e8,"[{""value"":""30"",""marks"":""4""},{},{}]",,,2026-08-07,,2026-08-07 12:04:25.277048+00
24d658f9-4e9a-4335-be46-4c83cf6d1241,302af2cb-86c3-4463-b633-0d84a105c022,341cd4f7-8e45-4a26-a570-77755a90a42c,"{""value"":""30"",""marks"":""7""}",,,2026-08-01,"ek had lagan Hifz Behtr hifz ch toh bhi (Focus rakhi ne Tilawat karvu) ,Makharij ni tmareen ni ghani zarurat .  ",2026-08-01 12:21:35.325291+00
26559aea-7c8c-4bdf-9009-b8d02ba06e73,302af2cb-86c3-4463-b633-0d84a105c022,f139bff5-780e-4dfa-bde1-3570b1f32467,"{""value"":""30"",""marks"":""6""}","{""from"":""30"",""till"":""30"",""marks"":""8""}",,2026-08-06,,2026-08-06 12:20:22.473065+00
2fa8521c-0fc1-4306-bba8-291fd6b2b1c9,21bf52b6-517f-4b7c-99db-befbdb7ac292,34396324-e7f3-4e96-b05a-e7e4defc89e8,"{""value"":""30"",""marks"":""5""}","{""from"":""الواقعة"",""till"":"""",""type"":""surah"",""marks"":""7""}","{""type"":""surah_ayat"",""from"":"""",""till"":"""",""surah"":""القمر"",""ayat"":""17""}",2026-08-03,,2026-08-03 12:15:02.661457+00
3f516259-8c87-4b0e-817b-848eb49a58bf,209a7cc0-b3c1-4bcb-8e09-441984bc81ac,34396324-e7f3-4e96-b05a-e7e4defc89e8,"{""value"":""30"",""marks"":""9""}","{""from"":""30"",""till"":""30"",""marks"":""4""}","{""type"":""surah_ayat"",""from"":"""",""till"":"""",""surah"":""المطففين"",""ayat"":""26""}",2026-08-03,juzhali mutaffen,2026-08-03 12:16:26.044961+00
434670a2-e573-4fb1-a6a8-fbb3dc53a064,7d1a633e-2123-47b4-8267-ecf262857dc3,34396324-e7f3-4e96-b05a-e7e4defc89e8,"{""value"":""30""}",,,2026-08-03,Surat Nasr tamree,2026-08-03 12:18:19.08224+00
4695f04e-11e2-447a-b1d1-2dd46ce69700,209a7cc0-b3c1-4bcb-8e09-441984bc81ac,34396324-e7f3-4e96-b05a-e7e4defc89e8,"{""value"":""30"",""marks"":""5""}","{""from"":""30"",""till"":""30"",""marks"":""7""}","{""type"":""surah_ayat"",""from"":"""",""till"":"""",""surah"":"""",""ayat"":""""}",2026-08-04,,2026-08-04 16:32:58.31405+00
48175f42-9190-4898-a555-8950f18e995c,7df8c8ef-c6cb-471e-98dc-a1b39ea1327f,f139bff5-780e-4dfa-bde1-3570b1f32467,"{""value"":""1"",""marks"":""7""}","{""from"":""6"",""till"":""6"",""marks"":""6""}","{""type"":""surah_ayat"",""from"":"""",""till"":"""",""surah"":""المائدة"",""ayat"":""21""}",2026-08-03,,2026-08-03 12:25:11.363875+00
4a781875-c468-437b-8690-f2a719c4e8b9,0cc27a7a-a964-4e64-bc58-cdd65142cd7e,341cd4f7-8e45-4a26-a570-77755a90a42c,"[{""value"":""30"",""marks"":""8""},{},{}]","{""type"":""pages"",""from"":""561"",""till"":""563"",""marks"":""8""}","{""type"":""surah_ayat"",""surah"":""66"",""ayat"":""7"",""page"":560}",2026-08-05,,2026-08-05 12:23:23.344255+00
4e594ccc-4407-4a2b-8e4b-a1d50773e5cd,13687291-5761-44ff-8c59-f46e6b03b8b9,a3213925-ef96-4c76-bc43-da6c31b78775,"{""value"":""30"",""marks"":""7.5""}","{""type"":""surah"",""from"":""الملك"",""till"":""الملك"",""marks"":""6.5""}","{""type"":""surah_ayat"",""from"":"""",""till"":"""",""surah"":""المنافقون"",""ayat"":""1""}",2026-08-03,,2026-08-03 12:28:10.34422+00
588358fc-3791-4c2d-98aa-e3f065cc8ab3,d696341d-00ef-4ffb-b712-eba1c0cc4bf8,341cd4f7-8e45-4a26-a570-77755a90a42c,"{""value"":""30"",""marks"":""8""}","{""type"":""surah"",""from"":""المرسلات"",""till"":""الإنسان""}",,2026-07-20,,2026-07-20 11:56:27.401802+00
594d72fd-22f8-4a8c-8fd3-233cc298ddbf,0f23c938-cf37-41ad-8fd9-8fbd0ab9f133,341cd4f7-8e45-4a26-a570-77755a90a42c,,"  5pages:8 marks",,2026-07-12,,2026-07-12 15:54:52.36298+00
5a3eb85d-f840-44f9-8926-9c780b21314d,070d6330-cb79-40d6-a97d-81bace2defb9,f139bff5-780e-4dfa-bde1-3570b1f32467,"{""value"":""30"",""marks"":""7.5""}","{""type"":""surah"",""from"":""التحريم"",""till"":""الملك"",""marks"":""8""}","{""type"":""surah_ayat"",""from"":"""",""till"":"""",""surah"":""الطلاق"",""ayat"":""2""}",2026-08-01,good,2026-08-01 12:24:27.039847+00
61b67e3c-b17a-4323-8ab4-cca8f61057e0,0cc27a7a-a964-4e64-bc58-cdd65142cd7e,341cd4f7-8e45-4a26-a570-77755a90a42c,"[{""value"":""30"",""marks"":""8.5""},{},{}]","{""type"":""pages"",""from"":""561"",""till"":""563"",""marks"":""7""}","{""type"":""surah_ayat"",""surah"":""66"",""ayat"":""5"",""page"":560}",2026-08-03,,2026-08-03 11:59:05.942054+00
61efcab9-8f75-4883-afce-5e424048b106,070d6330-cb79-40d6-a97d-81bace2defb9,f139bff5-780e-4dfa-bde1-3570b1f32467,"{""value"":""30"",""marks"":""8.5""}","{""type"":""surah"",""from"":""التحريم"",""till"":""الملك"",""marks"":""9""}","{""type"":""surah_ayat"",""from"":"""",""till"":"""",""surah"":""الطلاق"",""ayat"":""6""}",2026-08-06,,2026-08-06 12:19:45.536929+00
63f313d5-e416-426f-a3a8-94178d35487e,7d1a633e-2123-47b4-8267-ecf262857dc3,34396324-e7f3-4e96-b05a-e7e4defc89e8,"{""value"":""30"",""marks"":""5""}","{""from"":""30"",""till"":""27"",""marks"":""7""}",,2026-08-01,,2026-08-01 12:19:11.782896+00
65df4bdb-ebd4-457a-97f8-8778b87dd21d,070d6330-cb79-40d6-a97d-81bace2defb9,f139bff5-780e-4dfa-bde1-3570b1f32467,"{""value"":""30"",""marks"":""8""}","{""type"":""surah"",""from"":""الطلاق"",""till"":""الملك"",""marks"":""8""}","{""type"":""surah_ayat"",""from"":"""",""till"":"""",""surah"":""الطلاق"",""ayat"":""3""}",2026-08-03,,2026-08-03 11:55:52.750888+00
67285d5c-3d29-4f28-9cec-bf3ecf819b66,665f5d37-4a0f-4811-b223-415f0154d022,341cd4f7-8e45-4a26-a570-77755a90a42c,,,,2026-08-05,"Ikhtebar(janab shk Murtaza bhai jamali) ",2026-08-05 12:27:35.395696+00
6a865c8a-d685-4fd7-89cf-9852ecc90187,001c967a-f06c-4062-a6ba-d550c6ec4e2b,34396324-e7f3-4e96-b05a-e7e4defc89e8,"{""value"":""30"",""marks"":""6""}","{""from"":""30"",""till"":""5"",""marks"":""6""}","{""type"":""surah_ayat"",""from"":"""",""till"":"""",""surah"":""المزمل"",""ayat"":""8""}",2026-08-03,,2026-08-03 12:11:47.330697+00
6b098bec-10e2-4d93-98e1-51953f078259,302af2cb-86c3-4463-b633-0d84a105c022,f139bff5-780e-4dfa-bde1-3570b1f32467,"{""value"":""30"",""marks"":""8""}",,,2026-08-04,,2026-08-04 11:37:47.512304+00
7210bfe6-299c-4328-af67-f4b77885762a,36dd4f6e-8a1c-4ec2-99c5-6b5b2dc5f394,341cd4f7-8e45-4a26-a570-77755a90a42c,"[{""value"":""30"",""marks"":""8""},{},{}]","{""type"":""no""}","{""type"":""no"",""wusoolJuz"":""30"",""wusoolSurah"":""78"",""wusoolAyah"":"""",""wusoolPage"":""582""}",2026-08-03,Only juz 30 murjat sunayu ch.,2026-08-03 11:49:51.795684+00
793a20c4-9ab3-4906-b0fd-e525307301bc,7df8c8ef-c6cb-471e-98dc-a1b39ea1327f,34396324-e7f3-4e96-b05a-e7e4defc89e8,"[{""value"":""2"",""marks"":""4""},{},{}]","{""type"":""pages"",""from"":""105"",""till"":""109"",""marks"":""4""}","{""type"":""no"",""wusoolJuz"":""6"",""wusoolSurah"":""4"",""wusoolAyah"":"""",""wusoolPage"":""110""}",2026-08-07,,2026-08-07 12:28:04.200897+00
79ee5e4a-3002-4ba9-96fd-8d8081a0a61c,7df8c8ef-c6cb-471e-98dc-a1b39ea1327f,f139bff5-780e-4dfa-bde1-3570b1f32467,"{""value"":""5"",""marks"":""6""}","{""from"":""6"",""till"":""6"",""marks"":""8""}",,2026-08-05,,2026-08-05 14:24:14.622665+00
85a8b2a6-5493-4891-b4d9-a6fb1eb763c7,10338619-9be5-4f2b-9a68-4c8f80a5b479,341cd4f7-8e45-4a26-a570-77755a90a42c,,"{""type"":""pages"",""from"":""539"",""till"":""548"",""marks"":""""}","{""type"":""surah_ayat"",""surah"":""57"",""ayat"":""6"",""page"":538}",2026-08-05,,2026-08-05 12:24:56.764813+00
8e762562-c9dc-4eb9-924f-32fb3a8ac3a6,21bf52b6-517f-4b7c-99db-befbdb7ac292,34396324-e7f3-4e96-b05a-e7e4defc89e8,"{""value"":""29"",""marks"":""6""}","{""type"":""surah"",""from"":""الرحمن"",""till"":""الرحمن""}","{""type"":""surah_ayat"",""from"":"""",""till"":"""",""surah"":""القمر"",""ayat"":""12""}",2026-08-01,,2026-08-01 11:45:46.169649+00
9e66199e-b18a-4599-9a52-5a7ee4a9f2a7,209a7cc0-b3c1-4bcb-8e09-441984bc81ac,34396324-e7f3-4e96-b05a-e7e4defc89e8,"[{""value"":""30"",""marks"":""6""},{},{}]","{""type"":""pages"",""from"":""589"",""till"":""589"",""marks"":""4""}","{""type"":""surah_ayat"",""surah"":""83"",""ayat"":""27"",""page"":588}",2026-08-06,,2026-08-06 12:28:14.113926+00
ac7379b6-fd20-4cd5-a50c-a6e49443ff37,21bf52b6-517f-4b7c-99db-befbdb7ac292,34396324-e7f3-4e96-b05a-e7e4defc89e8,"{""value"":""29"",""marks"":""7""}","{""from"":""29"",""till"":""29"",""marks"":""7""}",,2026-08-04,,2026-08-04 16:44:18.708282+00
ae9d1f0d-0088-4b4f-ab3f-d5ee65403a8d,e95f830f-671d-4658-bba5-771eb0c6f6e6,daf8a90a-37a0-47f5-8702-79c5a3f22a7b,"{""value"":""30"",""marks"":""8""}","{""type"":""surah"",""from"":""الحاقة"",""till"":""الحاقة"",""marks"":""7""}",,2026-07-25,Jadeed Nathi Sunayu.,2026-07-25 12:16:19.508762+00
af9509ec-a657-47d5-8848-269a57bc5788,7df8c8ef-c6cb-471e-98dc-a1b39ea1327f,f139bff5-780e-4dfa-bde1-3570b1f32467,"{""value"":""4"",""marks"":""7""}","{""type"":""surah"",""from"":""المائدة"",""till"":""المائدة"",""marks"":""8""}","{""type"":""surah_ayat"",""from"":"""",""till"":"""",""surah"":""المائدة"",""ayat"":""25""}",2026-08-06,,2026-08-06 12:21:23.137269+00
b87f8f33-b9e3-4df7-b678-53b108ed364f,0f23c938-cf37-41ad-8fd9-8fbd0ab9f133,341cd4f7-8e45-4a26-a570-77755a90a42c,30-8,"  5pages:7 marks","surah al burooj 1-3 ayat ",2026-07-12,,2026-07-12 14:19:40.345401+00
bbf948de-3968-4155-9ad4-091ccfe25800,fe47c15c-4557-4d96-90b3-b66f6f12db2a,341cd4f7-8e45-4a26-a570-77755a90a42c,"[{""value"":""27"",""marks"":""7""},{},{}]","{""type"":""pages"",""from"":""510"",""till"":""511"",""marks"":""7""}","{""type"":""surah_ayat"",""surah"":""47"",""ayat"":""20"",""page"":509}",2026-08-05,,2026-08-05 12:26:34.946417+00
c7d7460b-8b2d-44d3-a479-375951927357,06396a54-2570-402d-b22c-5340828bdaed,5bcc74cc-5cd5-4695-a607-36ba65c757e7,"{""value"":""5"",""marks"":""8""}",,,2026-07-21,,2026-07-21 05:03:31.542459+00
c887ccc6-e30a-4e77-bf10-696e30521e79,fe47c15c-4557-4d96-90b3-b66f6f12db2a,341cd4f7-8e45-4a26-a570-77755a90a42c,"[{""value"":""30"",""marks"":""9""},{},{}]","{""type"":""pages"",""from"":""509"",""till"":""509"",""marks"":""7""}","{""type"":""surah_ayat"",""surah"":""47"",""ayat"":""19"",""page"":508}",2026-08-03,,2026-08-03 11:56:16.748583+00
c95611a5-64d5-4aed-987c-ef39ff08b9c2,53991a31-3ba4-4e57-9bdf-8a3236feaf52,341cd4f7-8e45-4a26-a570-77755a90a42c,"[{""value"":""30"",""marks"":""9""},{},{}]","{""type"":""pages"",""from"":""577"",""till"":""577"",""marks"":""7""}","{""type"":""surah_ayat"",""surah"":""69"",""ayat"":""11"",""page"":567}",2026-08-03,,2026-08-03 12:01:15.410547+00
d2902663-cb44-4610-8280-c9fdc1ecd742,d696341d-00ef-4ffb-b712-eba1c0cc4bf8,5bcc74cc-5cd5-4695-a607-36ba65c757e7,"{""value"":""29"",""marks"":""8""}",,,2026-07-21,,2026-07-21 04:57:30.207263+00
d57a65d6-ba53-4a17-b2e6-91841fa917d3,7d1a633e-2123-47b4-8267-ecf262857dc3,34396324-e7f3-4e96-b05a-e7e4defc89e8,"[{""value"":""30"",""marks"":""4""},{},{}]",,,2026-08-06,Surat homaza tamreen,2026-08-06 12:27:06.612725+00
d9ee4e42-452b-4af9-a426-a081aef651b0,0f23c938-cf37-41ad-8fd9-8fbd0ab9f133,341cd4f7-8e45-4a26-a570-77755a90a42c,"{""value"":""30"",""marks"":""8.5""}","{""type"":""surah"",""from"":""البروج"",""till"":""الأعلى"",""marks"":""7.5""}","{""till"":"""",""type"":""surah_ayat"",""from"":"""",""surah"":""البروج"",""ayat"":""5""}",2026-07-12,,2026-07-12 16:33:55.267417+00
dc4ec211-9735-44cb-947c-40dd6fb7a3fd,001c967a-f06c-4062-a6ba-d550c6ec4e2b,34396324-e7f3-4e96-b05a-e7e4defc89e8,"[{""value"":""30"",""marks"":""4""},{},{}]","{""type"":""pages"",""from"":""575"",""till"":""577"",""marks"":""4""}","{""type"":""surah_ayat"",""surah"":""73"",""ayat"":""7"",""page"":574}",2026-08-06,,2026-08-06 12:33:08.221133+00
de8375ec-7c42-4734-876e-4c5c4cd79aeb,001c967a-f06c-4062-a6ba-d550c6ec4e2b,34396324-e7f3-4e96-b05a-e7e4defc89e8,"{""value"":""30"",""marks"":""4""}","{""type"":""surah"",""from"":""المزمل"",""till"":""المزمل"",""marks"":""7""}","{""type"":""surah_ayat"",""from"":"""",""till"":"""",""surah"":""المزمل"",""ayat"":""6""}",2026-08-01,,2026-08-01 12:14:28.140339+00
df90b64c-00df-484e-bb3b-b1ef06287d16,39d4794c-a9bb-438d-b5a5-77ef030d0336,34396324-e7f3-4e96-b05a-e7e4defc89e8,"[{""value"":""2"",""marks"":""8""},{},{}]","{""type"":""pages"",""from"":""11"",""till"":""19"",""marks"":""4""}","{""type"":""no"",""wusoolJuz"":""5"",""wusoolSurah"":""4"",""wusoolAyah"":"""",""wusoolPage"":""20""}",2026-08-06,,2026-08-06 12:29:09.783613+00
e4580ede-60fa-4840-8d25-401869533f69,c62422b7-2f93-40ad-88b1-f4eda82d94cd,a3213925-ef96-4c76-bc43-da6c31b78775,"{""value"":""1"",""marks"":""9.5""}","{""type"":""juz"",""from"":""18"",""till"":""22"",""marks"":""6""}","{""type"":""surah_ayat"",""from"":"""",""till"":"""",""surah"":""يوسف"",""ayat"":""91""}",2026-08-03,,2026-08-03 12:29:57.589828+00
ef783dc8-619c-46c1-9dfb-2908e6c8c7a7,7d1a633e-2123-47b4-8267-ecf262857dc3,34396324-e7f3-4e96-b05a-e7e4defc89e8,"{""value"":""30"",""marks"":""5""}","{""from"":""30"",""till"":""30"",""marks"":""7""}","{""type"":""surah_ayat"",""from"":"""",""till"":"""",""surah"":""الكافرون"",""ayat"":""7""}",2026-08-04,,2026-08-04 16:31:32.271873+00
f6446220-1540-496b-b245-b702a4fe12b3,001c967a-f06c-4062-a6ba-d550c6ec4e2b,34396324-e7f3-4e96-b05a-e7e4defc89e8,"{""value"":""29"",""marks"":""4""}","{""from"":""29"",""till"":""29"",""marks"":""4""}",,2026-08-04,,2026-08-04 16:45:10.750557+00
f64681f5-3060-4045-8a35-d46a020b3ea2,070d6330-cb79-40d6-a97d-81bace2defb9,f139bff5-780e-4dfa-bde1-3570b1f32467,"{""value"":""30"",""marks"":""8""}","{""type"":""surah"",""from"":""التحريم"",""till"":""الملك"",""marks"":""7""}","{""type"":""surah_ayat"",""from"":"""",""till"":"""",""surah"":""الطلاق"",""ayat"":""5""}",2026-08-04,,2026-08-04 12:20:08.821353+00
ffd1fc2e-fbd5-4a23-8fab-c677fad88802,53991a31-3ba4-4e57-9bdf-8a3236feaf52,341cd4f7-8e45-4a26-a570-77755a90a42c,"[{""value"":""30"",""marks"":""9""},{},{}]","{""type"":""pages"",""from"":""568"",""till"":""569"",""marks"":""8""}","{""type"":""surah_ayat"",""surah"":""69"",""ayat"":""11"",""page"":567}",2026-08-05,,2026-08-05 17:25:37.813002+00