user_id,schedule_data,created_at,updated_at,last_updated_by,has_unseen_changes,teacher_updated_at,parent_viewed_at
0ff85c9a-e928-44c1-8d91-8e3467644e98,"{""_mode"":""surah-wise"",""FRIDAY"":{""juz1"":"""",""juz2"":"""",""juz3"":"""",""juz4"":"""",""star"":"""",""jadeed"":""53:42"",""juzhali"":""Al-Qamar til Al-Qamar"",""murajah"":""Al-Jinn til Al-Mursalat""},""MONDAY"":{""juz1"":"""",""juz2"":"""",""juz3"":"""",""juz4"":"""",""star"":"""",""jadeed"":""53:31"",""juzhali"":""Al-Qamar til Al-Qamar"",""murajah"":""Al-Mujadilah til As-Saff""},""SUNDAY"":{""juz1"":"""",""juz2"":"""",""juz3"":"""",""juz4"":"""",""star"":"""",""jadeed"":""53:31"",""juzhali"":"""",""murajah"":""Al-Mujadilah til As-Saff""},""TUESDAY"":{""juz1"":"""",""juz2"":"""",""juz3"":"""",""juz4"":"""",""star"":"""",""jadeed"":""53:33"",""juzhali"":""Al-Qamar til Al-Qamar"",""murajah"":""As-Saff til At-Tahrim""},""SATURDAY"":{""juz1"":"""",""juz2"":"""",""juz3"":"""",""juz4"":"""",""star"":"""",""jadeed"":""53:31"",""juzhali"":""Al-Qamar til Al-Qamar"",""murajah"":""Al-Balad til An-Nas""},""THURSDAY"":{""juz1"":"""",""juz2"":"""",""juz3"":"""",""juz4"":"""",""star"":"""",""jadeed"":""53:37"",""juzhali"":""Al-Qamar til Al-Qamar"",""murajah"":""Al-Mulk til Nuh""},""WEDNESDAY"":{""juz1"":"""",""juz2"":"""",""juz3"":"""",""juz4"":"""",""star"":"""",""jadeed"":""53:35"",""juzhali"":""Al-Qamar til Al-Qamar"",""murajah"":""Ar-Rahman til Al-Hadid""},""_editHistory"":{""SUNDAY_jadeed"":""2026-07-27T16:41:07.511Z"",""SUNDAY_murajah"":""2026-07-27T16:40:50.497Z"",""SATURDAY_murajah"":""2026-07-27T16:40:35.391Z""}}",2026-07-27 13:39:57.652128+00,2026-07-27 16:41:09.024+00,0ff85c9a-e928-44c1-8d91-8e3467644e98,false,2026-07-27 16:41:09.024+00,2026-07-30 05:52:46.521+00
1036b048-15dd-4ee0-b920-c3bca8899c18,"{""_mode"":""juz-wise"",""FRIDAY"":{""juz1"":"""",""juz2"":"""",""juz3"":"""",""juz4"":"""",""star"":"""",""jadeed"":"""",""juzhali"":"""",""murajah"":""""},""MONDAY"":{""juz1"":"""",""juz2"":"""",""juz3"":"""",""juz4"":"""",""star"":"""",""jadeed"":"""",""juzhali"":"""",""murajah"":""""},""SUNDAY"":{""juz1"":"""",""juz2"":"""",""juz3"":"""",""juz4"":"""",""star"":"""",""jadeed"":"""",""juzhali"":"""",""murajah"":""""},""TUESDAY"":{""juz1"":"""",""juz2"":"""",""juz3"":"""",""juz4"":"""",""star"":"""",""jadeed"":"""",""juzhali"":"""",""murajah"":""""},""SATURDAY"":{""juz1"":"""",""juz2"":"""",""juz3"":"""",""juz4"":"""",""star"":"""",""jadeed"":"""",""juzhali"":"""",""murajah"":""""},""THURSDAY"":{""juz1"":"""",""juz2"":"""",""juz3"":"""",""juz4"":"""",""star"":"""",""jadeed"":"""",""juzhali"":"""",""murajah"":""""},""WEDNESDAY"":{""juz1"":"""",""juz2"":"""",""juz3"":"""",""juz4"":"""",""star"":"""",""jadeed"":"""",""juzhali"":"""",""murajah"":""""},""_editHistory"":{}}",2026-07-27 16:32:34.240874+00,2026-07-27 16:32:34.061+00,1036b048-15dd-4ee0-b920-c3bca8899c18,true,2026-07-27 16:32:34.061+00,
21ac45e6-5fe0-4a92-8be1-32880f1873a1,"{""_mode"":""juz-wise"",""FRIDAY"":{""juz1"":"""",""juz2"":"""",""juz3"":"""",""juz4"":"""",""star"":"""",""jadeed"":"""",""juzhali"":"""",""murajah"":""""},""MONDAY"":{""juz1"":"""",""juz2"":"""",""juz3"":"""",""juz4"":"""",""star"":"""",""jadeed"":"""",""juzhali"":"""",""murajah"":""""},""SUNDAY"":{""juz1"":"""",""juz2"":"""",""juz3"":"""",""juz4"":"""",""star"":"""",""jadeed"":"""",""juzhali"":"""",""murajah"":""""},""TUESDAY"":{""juz1"":"""",""juz2"":"""",""juz3"":"""",""juz4"":"""",""star"":"""",""jadeed"":"""",""juzhali"":"""",""murajah"":""""},""SATURDAY"":{""juz1"":""7"",""juz2"":"""",""juz3"":"""",""juz4"":"""",""star"":"""",""jadeed"":"""",""juzhali"":"""",""murajah"":""""},""THURSDAY"":{""juz1"":"""",""juz2"":"""",""juz3"":"""",""juz4"":"""",""star"":"""",""jadeed"":"""",""juzhali"":"""",""murajah"":""""},""WEDNESDAY"":{""juz1"":"""",""juz2"":"""",""juz3"":"""",""juz4"":"""",""star"":"""",""jadeed"":"""",""juzhali"":"""",""murajah"":""""},""_editHistory"":{""SATURDAY_juz1"":""2026-07-30T03:49:55.952Z""}}",2026-07-28 14:50:00.066974+00,2026-07-30 03:49:57.463+00,21ac45e6-5fe0-4a92-8be1-32880f1873a1,false,2026-07-28 14:49:59.725+00,2026-07-30 03:50:30.251+00
2a2d8675-74c5-415f-9f35-fe517de066e2,"{""_mode"":""juz-wise"",""FRIDAY"":{""juz1"":""30"",""juz2"":""7"",""juz3"":"""",""juz4"":"""",""star"":"""",""jadeed"":""12:95"",""juzhali"":""236:245"",""murajah"":""""},""MONDAY"":{""juz1"":""4"",""juz2"":""9"",""juz3"":"""",""juz4"":"""",""star"":"""",""jadeed"":""12:69"",""juzhali"":""233:242"",""murajah"":""""},""SUNDAY"":{""juz1"":"""",""juz2"":"""",""juz3"":"""",""juz4"":"""",""star"":"""",""jadeed"":""NO"",""juzhali"":""NO"",""murajah"":""""},""TUESDAY"":{""juz1"":""5"",""juz2"":""8"",""juz3"":"""",""juz4"":"""",""star"":"""",""jadeed"":""12:75"",""juzhali"":""234:243"",""murajah"":""""},""SATURDAY"":{""juz1"":""3"",""juz2"":""9"",""juz3"":"""",""juz4"":"""",""star"":"""",""jadeed"":""12:63"",""juzhali"":""232:241"",""murajah"":""""},""THURSDAY"":{""juz1"":""6"",""juz2"":""8"",""juz3"":"""",""juz4"":"""",""star"":"""",""jadeed"":""12:86"",""juzhali"":""235:244"",""murajah"":""""},""WEDNESDAY"":{""juz1"":"""",""juz2"":"""",""juz3"":"""",""juz4"":"""",""star"":"""",""jadeed"":""12:78"",""juzhali"":""NO"",""murajah"":""""},""_editHistory"":{""FRIDAY_juz1"":""2026-07-29T08:39:11.715Z"",""FRIDAY_juz2"":""2026-07-29T08:39:19.406Z"",""FRIDAY_jadeed"":""2026-07-29T08:39:27.442Z"",""THURSDAY_juz1"":""2026-07-29T08:38:42.835Z"",""THURSDAY_juz2"":""2026-07-29T08:38:50.345Z"",""FRIDAY_juzhali"":""2026-07-29T08:39:30.860Z"",""THURSDAY_jadeed"":""2026-07-29T08:38:59.202Z"",""THURSDAY_juzhali"":""2026-07-29T08:39:03.014Z""}}",2026-07-29 08:36:18.245139+00,2026-07-29 08:39:32.379+00,2a2d8675-74c5-415f-9f35-fe517de066e2,false,2026-07-29 08:39:32.379+00,2026-08-01 15:53:13.826+00
3d8b5888-cc7f-4f5a-bc89-5487419f807b,"{""_mode"":""juz-wise"",""FRIDAY"":{""juz1"":""4"",""juz2"":""14"",""juz3"":""8"",""juz4"":"""",""star"":"""",""jadeed"":""25:43"",""juzhali"":""353:362"",""murajah"":""""},""MONDAY"":{""juz1"":""1"",""juz2"":""11"",""juz3"":""5"",""juz4"":"""",""star"":"""",""jadeed"":""25:2"",""juzhali"":""349:358"",""murajah"":""""},""SUNDAY"":{""juz1"":"""",""juz2"":"""",""juz3"":"""",""juz4"":"""",""star"":"""",""jadeed"":""NO"",""juzhali"":""NO"",""murajah"":""""},""TUESDAY"":{""juz1"":""2"",""juz2"":""12"",""juz3"":""6"",""juz4"":"""",""star"":"""",""jadeed"":""25:11"",""juzhali"":""350:359"",""murajah"":""""},""SATURDAY"":{""juz1"":""30"",""juz2"":""10"",""juz3"":"""",""juz4"":"""",""star"":"""",""jadeed"":""24:61"",""juzhali"":""348:357"",""murajah"":""""},""THURSDAY"":{""juz1"":""3"",""juz2"":""13"",""juz3"":""7"",""juz4"":"""",""star"":"""",""jadeed"":""25:32"",""juzhali"":"""",""murajah"":""""},""WEDNESDAY"":{""juz1"":"""",""juz2"":"""",""juz3"":"""",""juz4"":"""",""star"":"""",""jadeed"":""25:20"",""juzhali"":""NO"",""murajah"":""""},""_editHistory"":{""FRIDAY_juz2"":""2026-07-28T17:26:49.585Z"",""FRIDAY_juz3"":""2026-07-28T17:26:53.502Z"",""FRIDAY_jadeed"":""2026-07-28T17:27:17.583Z"",""FRIDAY_juzhali"":""2026-07-28T17:27:20.735Z"",""SATURDAY_jadeed"":""2026-07-28T17:27:43.923Z"",""SATURDAY_juzhali"":""2026-07-28T17:27:47.388Z""}}",2026-07-28 17:17:45.368342+00,2026-07-28 17:27:48.898+00,3d8b5888-cc7f-4f5a-bc89-5487419f807b,true,2026-07-28 17:27:48.898+00,
48168a62-cfde-485d-a430-d1a543c38a61,"{""_mode"":""juz-wise"",""FRIDAY"":{""juz1"":"""",""juz2"":"""",""juz3"":"""",""juz4"":"""",""star"":"""",""jadeed"":"""",""juzhali"":"""",""murajah"":""""},""MONDAY"":{""juz1"":"""",""juz2"":"""",""juz3"":"""",""juz4"":"""",""star"":"""",""jadeed"":"""",""juzhali"":"""",""murajah"":""""},""SUNDAY"":{""juz1"":"""",""juz2"":"""",""juz3"":"""",""juz4"":"""",""star"":"""",""jadeed"":"""",""juzhali"":"""",""murajah"":""""},""TUESDAY"":{""juz1"":"""",""juz2"":"""",""juz3"":"""",""juz4"":"""",""star"":"""",""jadeed"":"""",""juzhali"":"""",""murajah"":""""},""SATURDAY"":{""juz1"":"""",""juz2"":"""",""juz3"":"""",""juz4"":"""",""star"":"""",""jadeed"":"""",""juzhali"":"""",""murajah"":""""},""THURSDAY"":{""juz1"":"""",""juz2"":"""",""juz3"":"""",""juz4"":"""",""star"":"""",""jadeed"":"""",""juzhali"":"""",""murajah"":""""},""WEDNESDAY"":{""juz1"":"""",""juz2"":"""",""juz3"":"""",""juz4"":"""",""star"":"""",""jadeed"":"""",""juzhali"":"""",""murajah"":""""},""_editHistory"":{""MONDAY_juz1"":""2026-07-29T13:25:26.957Z""}}",2026-07-29 13:25:24.739168+00,2026-07-29 13:25:28.463+00,,false,,2026-08-05 01:32:36.455+00
5365ff09-f5a6-4147-bf98-e7c8c2a342c0,"{""_mode"":""juz-wise"",""FRIDAY"":{""juz1"":""12"",""juz2"":""10"",""juz3"":""16"",""juz4"":"""",""star"":"""",""jadeed"":"""",""juzhali"":"""",""murajah"":""""},""MONDAY"":{""juz1"":""2"",""juz2"":""6"",""juz3"":""12"",""juz4"":"""",""star"":"""",""jadeed"":"""",""juzhali"":"""",""murajah"":""""},""SUNDAY"":{""juz1"":""2"",""juz2"":""29"",""juz3"":""13"",""juz4"":"""",""star"":"""",""jadeed"":"""",""juzhali"":"""",""murajah"":""""},""TUESDAY"":{""juz1"":""3"",""juz2"":""7"",""juz3"":""13"",""juz4"":"""",""star"":"""",""jadeed"":"""",""juzhali"":"""",""murajah"":""""},""SATURDAY"":{""juz1"":""1"",""juz2"":""11"",""juz3"":""27"",""juz4"":"""",""star"":"""",""jadeed"":""16:15"",""juzhali"":"""",""murajah"":""""},""THURSDAY"":{""juz1"":""5"",""juz2"":""9"",""juz3"":""13"",""juz4"":"""",""star"":"""",""jadeed"":"""",""juzhali"":"""",""murajah"":""""},""WEDNESDAY"":{""juz1"":""4"",""juz2"":""8"",""juz3"":""28"",""juz4"":"""",""star"":"""",""jadeed"":"""",""juzhali"":"""",""murajah"":""""},""_editHistory"":{""SUNDAY_juz1"":""2026-08-04T15:18:42.049Z""}}",2026-07-24 04:20:49.275045+00,2026-08-04 15:18:43.56+00,341cd4f7-8e45-4a26-a570-77755a90a42c,false,2026-08-04 15:18:43.56+00,2026-08-05 10:29:58.096+00
60d8b7e1-4d7f-465c-bd1d-0bb2d2b69073,"{""_mode"":""juz-wise"",""FRIDAY"":{""juz1"":"""",""juz2"":"""",""juz3"":"""",""juz4"":"""",""star"":"""",""jadeed"":"""",""juzhali"":"""",""murajah"":""""},""MONDAY"":{""juz1"":"""",""juz2"":"""",""juz3"":"""",""juz4"":"""",""star"":"""",""jadeed"":"""",""juzhali"":"""",""murajah"":""""},""SUNDAY"":{""juz1"":"""",""juz2"":"""",""juz3"":"""",""juz4"":"""",""star"":"""",""jadeed"":"""",""juzhali"":"""",""murajah"":""""},""TUESDAY"":{""juz1"":"""",""juz2"":"""",""juz3"":"""",""juz4"":"""",""star"":"""",""jadeed"":"""",""juzhali"":"""",""murajah"":""""},""SATURDAY"":{""juz1"":"""",""juz2"":"""",""juz3"":"""",""juz4"":"""",""star"":"""",""jadeed"":"""",""juzhali"":"""",""murajah"":""""},""THURSDAY"":{""juz1"":"""",""juz2"":"""",""juz3"":"""",""juz4"":"""",""star"":"""",""jadeed"":"""",""juzhali"":"""",""murajah"":""""},""WEDNESDAY"":{""juz1"":"""",""juz2"":"""",""juz3"":"""",""juz4"":"""",""star"":"""",""jadeed"":"""",""juzhali"":"""",""murajah"":""""},""_editHistory"":{}}",2026-07-29 12:30:28.227572+00,2026-07-29 12:30:27.946+00,60d8b7e1-4d7f-465c-bd1d-0bb2d2b69073,false,2026-07-29 12:30:27.946+00,2026-08-01 06:11:53.434+00
65f5c3f4-93f1-4cb6-8c1e-cd75643d6106,"{""_mode"":""surah-wise"",""FRIDAY"":{""juz1"":"""",""juz2"":"""",""juz3"":"""",""juz4"":"""",""star"":"""",""jadeed"":""NO"",""juzhali"":""Abasa til Al-Infitar"",""murajah"":""Ash-Sharh til Al-Buruj""},""MONDAY"":{""juz1"":"""",""juz2"":"""",""juz3"":"""",""juz4"":"""",""star"":"""",""jadeed"":"""",""juzhali"":"""",""murajah"":""""},""SUNDAY"":{""juz1"":"""",""juz2"":"""",""juz3"":"""",""juz4"":"""",""star"":"""",""jadeed"":""NO"",""juzhali"":"""",""murajah"":""""},""TUESDAY"":{""juz1"":"""",""juz2"":"""",""juz3"":"""",""juz4"":"""",""star"":"""",""jadeed"":"""",""juzhali"":"""",""murajah"":""""},""SATURDAY"":{""juz1"":"""",""juz2"":"""",""juz3"":"""",""juz4"":"""",""star"":"""",""jadeed"":""NO"",""juzhali"":""Al-Mutaffifin til Al-Inshiqaq"",""murajah"":""An-Nas til Al-Asr""},""THURSDAY"":{""juz1"":"""",""juz2"":"""",""juz3"":"""",""juz4"":"""",""star"":"""",""jadeed"":""NO"",""juzhali"":""An-Naba til An-Nazi'at"",""murajah"":""At-Takathur til At-Tin""},""WEDNESDAY"":{""juz1"":"""",""juz2"":"""",""juz3"":"""",""juz4"":"""",""star"":"""",""jadeed"":""NO"",""juzhali"":""Al-Mutaffifin til Al-Inshiqaq"",""murajah"":""An-Nas til Al-Asr""},""_editHistory"":{""SUNDAY_jadeed"":""2026-08-05T05:06:35.910Z"",""SATURDAY_jadeed"":""2026-08-05T05:05:50.620Z"",""SATURDAY_juzhali"":""2026-08-05T05:06:14.021Z"",""SATURDAY_murajah"":""2026-08-05T05:05:48.872Z""}}",2026-08-04 11:58:41.559595+00,2026-08-05 05:06:37.419+00,a9bdb9ab-7636-4106-97e1-fe4a23c8449e,false,2026-08-05 05:06:37.419+00,
66309469-07eb-43b1-ae5b-d65a18c25a95,"{""_mode"":""juz-wise"",""FRIDAY"":{""juz1"":"""",""juz2"":"""",""juz3"":"""",""juz4"":"""",""star"":"""",""jadeed"":"""",""juzhali"":"""",""murajah"":""""},""MONDAY"":{""juz1"":"""",""juz2"":"""",""juz3"":"""",""juz4"":"""",""star"":"""",""jadeed"":"""",""juzhali"":"""",""murajah"":""""},""SUNDAY"":{""juz1"":"""",""juz2"":"""",""juz3"":"""",""juz4"":"""",""star"":"""",""jadeed"":"""",""juzhali"":"""",""murajah"":""""},""TUESDAY"":{""juz1"":"""",""juz2"":"""",""juz3"":"""",""juz4"":"""",""star"":"""",""jadeed"":"""",""juzhali"":"""",""murajah"":""""},""SATURDAY"":{""juz1"":"""",""juz2"":"""",""juz3"":"""",""juz4"":"""",""star"":"""",""jadeed"":"""",""juzhali"":"""",""murajah"":""""},""THURSDAY"":{""juz1"":"""",""juz2"":"""",""juz3"":"""",""juz4"":"""",""star"":"""",""jadeed"":"""",""juzhali"":"""",""murajah"":""""},""WEDNESDAY"":{""juz1"":"""",""juz2"":"""",""juz3"":"""",""juz4"":"""",""star"":"""",""jadeed"":"""",""juzhali"":"""",""murajah"":""""},""_editHistory"":{}}",2026-08-05 16:17:14.447151+00,2026-08-05 16:17:13.944+00,a9bdb9ab-7636-4106-97e1-fe4a23c8449e,true,2026-08-05 16:17:13.944+00,
67f5504b-9c9b-4ee8-ab7b-c35a45351c81,"{""_mode"":""juz-wise"",""FRIDAY"":{""juz1"":"""",""juz2"":"""",""juz3"":"""",""juz4"":"""",""star"":"""",""jadeed"":"""",""juzhali"":"""",""murajah"":""""},""MONDAY"":{""juz1"":"""",""juz2"":"""",""juz3"":"""",""juz4"":"""",""star"":"""",""jadeed"":"""",""juzhali"":"""",""murajah"":""""},""SUNDAY"":{""juz1"":"""",""juz2"":"""",""juz3"":"""",""juz4"":"""",""star"":"""",""jadeed"":"""",""juzhali"":"""",""murajah"":""""},""TUESDAY"":{""juz1"":"""",""juz2"":"""",""juz3"":"""",""juz4"":"""",""star"":"""",""jadeed"":"""",""juzhali"":"""",""murajah"":""""},""SATURDAY"":{""juz1"":"""",""juz2"":"""",""juz3"":"""",""juz4"":"""",""star"":"""",""jadeed"":"""",""juzhali"":"""",""murajah"":""""},""THURSDAY"":{""juz1"":"""",""juz2"":"""",""juz3"":"""",""juz4"":"""",""star"":"""",""jadeed"":"""",""juzhali"":"""",""murajah"":""""},""WEDNESDAY"":{""juz1"":"""",""juz2"":"""",""juz3"":"""",""juz4"":"""",""star"":"""",""jadeed"":"""",""juzhali"":"""",""murajah"":""""},""_editHistory"":{}}",2026-07-31 10:06:21.988179+00,2026-07-31 10:06:19.011+00,3f211ebf-d6d2-460c-8585-4fc08b06cec0,false,2026-07-31 10:06:19.011+00,2026-08-06 14:42:59.339+00
6b1c3be2-1657-4642-b1a6-a8f9d8f3406c,"{""_mode"":""juz-wise"",""FRIDAY"":{""juz1"":""6"",""juz2"":""9"",""juz3"":"""",""juz4"":"""",""star"":"""",""jadeed"":""11:97"",""juzhali"":""223:230"",""murajah"":""""},""MONDAY"":{""juz1"":"""",""juz2"":"""",""juz3"":"""",""juz4"":"""",""star"":"""",""jadeed"":"""",""juzhali"":"""",""murajah"":""""},""SUNDAY"":{""juz1"":"""",""juz2"":"""",""juz3"":"""",""juz4"":"""",""star"":"""",""jadeed"":"""",""juzhali"":"""",""murajah"":""""},""TUESDAY"":{""juz1"":"""",""juz2"":"""",""juz3"":"""",""juz4"":"""",""star"":"""",""jadeed"":"""",""juzhali"":"""",""murajah"":""""},""SATURDAY"":{""juz1"":"""",""juz2"":"""",""juz3"":"""",""juz4"":"""",""star"":"""",""jadeed"":"""",""juzhali"":"""",""murajah"":""""},""THURSDAY"":{""juz1"":""5"",""juz2"":""9"",""juz3"":"""",""juz4"":"""",""star"":"""",""jadeed"":""11:81"",""juzhali"":""221:229"",""murajah"":""""},""WEDNESDAY"":{""juz1"":""3"",""juz2"":""11"",""juz3"":"""",""juz4"":"""",""star"":"""",""jadeed"":""11:62"",""juzhali"":""219:226"",""murajah"":""""},""_editHistory"":{""FRIDAY_juz1"":""2026-07-28T12:31:00.875Z"",""FRIDAY_juz2"":""2026-07-28T12:31:03.226Z"",""FRIDAY_jadeed"":""2026-07-28T12:31:23.342Z"",""FRIDAY_juzhali"":""2026-07-28T12:31:31.987Z"",""THURSDAY_jadeed"":""2026-07-28T12:30:47.830Z"",""THURSDAY_juzhali"":""2026-07-28T12:30:52.817Z""}}",2026-07-27 16:54:06.388415+00,2026-07-28 12:31:33.493+00,6b1c3be2-1657-4642-b1a6-a8f9d8f3406c,false,2026-07-28 12:31:33.493+00,2026-07-29 12:31:18.384+00
95a2ca48-1abe-4833-b6bb-82b16755ec94,"{""_mode"":""surah-wise"",""FRIDAY"":{""juz1"":"""",""juz2"":"""",""juz3"":"""",""juz4"":"""",""star"":"""",""jadeed"":"""",""juzhali"":"""",""murajah"":""""},""MONDAY"":{""juz1"":"""",""juz2"":"""",""juz3"":"""",""juz4"":"""",""star"":"""",""jadeed"":""79:1"",""juzhali"":"""",""murajah"":""An-Nas til At-Takathur""},""SUNDAY"":{""juz1"":"""",""juz2"":"""",""juz3"":"""",""juz4"":"""",""star"":"""",""jadeed"":"""",""juzhali"":"""",""murajah"":""At-Takathur til Al-Bayyinah""},""TUESDAY"":{""juz1"":"""",""juz2"":"""",""juz3"":"""",""juz4"":"""",""star"":"""",""jadeed"":"""",""juzhali"":"""",""murajah"":""""},""SATURDAY"":{""juz1"":"""",""juz2"":"""",""juz3"":"""",""juz4"":"""",""star"":"""",""jadeed"":""69:1"",""juzhali"":"""",""murajah"":""An-Nas til Al-Asr""},""THURSDAY"":{""juz1"":"""",""juz2"":"""",""juz3"":"""",""juz4"":"""",""star"":"""",""jadeed"":"""",""juzhali"":"""",""murajah"":""""},""WEDNESDAY"":{""juz1"":"""",""juz2"":"""",""juz3"":"""",""juz4"":"""",""star"":"""",""jadeed"":"""",""juzhali"":"""",""murajah"":""""},""_editHistory"":{}}",2026-07-05 12:16:42.026845+00,2026-08-04 14:31:54.003+00,341cd4f7-8e45-4a26-a570-77755a90a42c,false,2026-08-04 12:54:24.579+00,2026-08-04 18:44:10.125+00
9f388cd9-9d04-4f36-bccd-8cbca144842d,"{""_mode"":""surah-wise"",""FRIDAY"":{""juz1"":"""",""juz2"":"""",""juz3"":"""",""juz4"":"""",""star"":"""",""jadeed"":"""",""juzhali"":"""",""murajah"":""""},""MONDAY"":{""juz1"":"""",""juz2"":"""",""juz3"":"""",""juz4"":"""",""star"":"""",""jadeed"":"""",""juzhali"":"""",""murajah"":""""},""SUNDAY"":{""juz1"":"""",""juz2"":"""",""juz3"":"""",""juz4"":"""",""star"":"""",""jadeed"":"""",""juzhali"":"""",""murajah"":""""},""TUESDAY"":{""juz1"":"""",""juz2"":"""",""juz3"":"""",""juz4"":"""",""star"":"""",""jadeed"":"""",""juzhali"":"""",""murajah"":""""},""SATURDAY"":{""juz1"":"""",""juz2"":""18"",""juz3"":"""",""juz4"":"""",""star"":"""",""jadeed"":""62:1"",""juzhali"":""Abasa til Al-Infitar"",""murajah"":""An-Nas til At-Tariq""},""THURSDAY"":{""juz1"":"""",""juz2"":"""",""juz3"":"""",""juz4"":"""",""star"":"""",""jadeed"":"""",""juzhali"":"""",""murajah"":""Al-Ma'idah til Al-Ma'idah""},""WEDNESDAY"":{""juz1"":"""",""juz2"":"""",""juz3"":"""",""juz4"":"""",""star"":"""",""jadeed"":"""",""juzhali"":"""",""murajah"":""""},""_editHistory"":{""THURSDAY_murajah"":""2026-08-06T17:26:29.418Z""}}",2026-07-29 05:51:28.565064+00,2026-08-06 17:26:30.929+00,,false,,2026-08-06 17:48:46.136+00
a2e66f53-b481-45d9-b4f3-cf23fa80c0ec,"{""_mode"":""juz-wise"",""FRIDAY"":{""juz1"":""3"",""juz2"":""11"",""juz3"":"""",""juz4"":"""",""star"":"""",""jadeed"":""11:71"",""juzhali"":""223:227"",""murajah"":""""},""MONDAY"":{""juz1"":""5"",""juz2"":""6"",""juz3"":"""",""juz4"":"""",""star"":"""",""jadeed"":""11:88"",""juzhali"":""225:229"",""murajah"":""""},""SUNDAY"":{""juz1"":"""",""juz2"":"""",""juz3"":"""",""juz4"":"""",""star"":"""",""jadeed"":"""",""juzhali"":"""",""murajah"":""""},""TUESDAY"":{""juz1"":""1"",""juz2"":""8"",""juz3"":"""",""juz4"":"""",""star"":"""",""jadeed"":"""",""juzhali"":"""",""murajah"":""""},""SATURDAY"":{""juz1"":""4"",""juz2"":""7"",""juz3"":"""",""juz4"":"""",""star"":"""",""jadeed"":""11:81"",""juzhali"":""225:229"",""murajah"":""""},""THURSDAY"":{""juz1"":""2"",""juz2"":""10"",""juz3"":"""",""juz4"":"""",""star"":"""",""jadeed"":""11:62"",""juzhali"":""220:225"",""murajah"":""""},""WEDNESDAY"":{""juz1"":"""",""juz2"":"""",""juz3"":"""",""juz4"":"""",""star"":"""",""jadeed"":"""",""juzhali"":"""",""murajah"":""""},""_editHistory"":{""TUESDAY_juz1"":""2026-08-05T16:02:31.814Z"",""TUESDAY_juz2"":""2026-08-05T16:03:12.439Z"",""SATURDAY_juzhali"":""2026-08-05T16:02:16.710Z""}}",2026-08-05 14:40:49.441387+00,2026-08-05 16:03:13.948+00,a9bdb9ab-7636-4106-97e1-fe4a23c8449e,false,2026-08-05 16:03:13.948+00,
a53bc943-8a4e-41a1-9bf2-f2995bf979c2,"{""_mode"":""juz-wise"",""FRIDAY"":{""juz1"":"""",""juz2"":"""",""juz3"":"""",""juz4"":"""",""star"":"""",""jadeed"":"""",""juzhali"":"""",""murajah"":""""},""MONDAY"":{""juz1"":"""",""juz2"":"""",""juz3"":"""",""juz4"":"""",""star"":"""",""jadeed"":"""",""juzhali"":"""",""murajah"":""""},""SUNDAY"":{""juz1"":"""",""juz2"":"""",""juz3"":"""",""juz4"":"""",""star"":"""",""jadeed"":"""",""juzhali"":"""",""murajah"":""""},""TUESDAY"":{""juz1"":"""",""juz2"":"""",""juz3"":"""",""juz4"":"""",""star"":"""",""jadeed"":"""",""juzhali"":"""",""murajah"":""""},""SATURDAY"":{""juz1"":"""",""juz2"":"""",""juz3"":"""",""juz4"":"""",""star"":"""",""jadeed"":"""",""juzhali"":"""",""murajah"":""""},""THURSDAY"":{""juz1"":""1"",""juz2"":"""",""juz3"":"""",""juz4"":"""",""star"":"""",""jadeed"":""2:1"",""juzhali"":"""",""murajah"":""""},""WEDNESDAY"":{""juz1"":"""",""juz2"":"""",""juz3"":"""",""juz4"":"""",""star"":"""",""jadeed"":"""",""juzhali"":"""",""murajah"":""""},""_editHistory"":{""THURSDAY_juz1"":""2026-07-30T10:45:30.895Z"",""THURSDAY_jadeed"":""2026-07-30T10:45:54.262Z""}}",2026-07-30 10:45:33.235508+00,2026-07-30 10:45:55.849+00,,false,,2026-07-30 10:50:58.385+00
b4c88c44-823a-476d-aab5-3ee5be10bb41,"{""_mode"":""surah-wise"",""FRIDAY"":{""juz1"":"""",""juz2"":"""",""juz3"":"""",""juz4"":"""",""star"":"""",""jadeed"":""64:17"",""juzhali"":""At-Talaq til At-Talaq"",""murajah"":""An-Nas til Al-Balad""},""MONDAY"":{""juz1"":"""",""juz2"":"""",""juz3"":"""",""juz4"":"""",""star"":"""",""jadeed"":""64:13"",""juzhali"":""At-Talaq til At-Talaq"",""murajah"":""An-Nas til Al-Balad""},""SUNDAY"":{""juz1"":"""",""juz2"":"""",""juz3"":"""",""juz4"":"""",""star"":"""",""jadeed"":""NO"",""juzhali"":""NO"",""murajah"":""NO""},""TUESDAY"":{""juz1"":"""",""juz2"":"""",""juz3"":"""",""juz4"":"""",""star"":"""",""jadeed"":""64:14"",""juzhali"":""At-Tahrim til At-Tahrim"",""murajah"":""Al-Fajr til An-Naba""},""SATURDAY"":{""juz1"":"""",""juz2"":"""",""juz3"":"""",""juz4"":"""",""star"":"""",""jadeed"":""NO"",""juzhali"":""At-Taghabun til At-Taghabun"",""murajah"":""Al-Muddaththir til Al-Mursalat""},""THURSDAY"":{""juz1"":"""",""juz2"":"""",""juz3"":"""",""juz4"":"""",""star"":"""",""jadeed"":""64:16"",""juzhali"":""Al-Qalam til Al-Qalam"",""murajah"":""Al-Muzzammil til Al-Ma'arij""},""WEDNESDAY"":{""juz1"":"""",""juz2"":"""",""juz3"":"""",""juz4"":"""",""star"":"""",""jadeed"":""64:15"",""juzhali"":""Al-Mulk til Al-Mulk"",""murajah"":""Al-Muddaththir til Al-Mursalat""},""_editHistory"":{""FRIDAY_murajah"":""2026-07-29T08:40:11.895Z"",""MONDAY_murajah"":""2026-07-29T08:40:01.005Z""}}",2026-07-28 01:58:53.113139+00,2026-07-29 08:40:13.408+00,b4c88c44-823a-476d-aab5-3ee5be10bb41,false,2026-07-29 08:40:13.409+00,2026-07-29 12:31:25.495+00
de4f89af-c0f5-4dec-b52e-9282f26717f7,"{""_mode"":""surah-wise"",""FRIDAY"":{""juz1"":"""",""juz2"":"""",""juz3"":"""",""juz4"":"""",""star"":"""",""jadeed"":"""",""juzhali"":"""",""murajah"":""Al-Bayyinah til Al-Balad""},""MONDAY"":{""juz1"":"""",""juz2"":"""",""juz3"":"""",""juz4"":"""",""star"":"""",""jadeed"":"""",""juzhali"":"""",""murajah"":""Al-Bayyinah til Al-Balad""},""SUNDAY"":{""juz1"":"""",""juz2"":"""",""juz3"":"""",""juz4"":"""",""star"":"""",""jadeed"":"""",""juzhali"":"""",""murajah"":""""},""TUESDAY"":{""juz1"":"""",""juz2"":"""",""juz3"":"""",""juz4"":"""",""star"":"""",""jadeed"":"""",""juzhali"":"""",""murajah"":""Al-Fajr til Al-Inshiqaq""},""SATURDAY"":{""juz1"":"""",""juz2"":"""",""juz3"":"""",""juz4"":"""",""star"":"""",""jadeed"":""71:1"",""juzhali"":"""",""murajah"":""An-Nas til Az-Zalzalah""},""THURSDAY"":{""juz1"":"""",""juz2"":"""",""juz3"":"""",""juz4"":"""",""star"":"""",""jadeed"":"""",""juzhali"":"""",""murajah"":""An-Nas til Az-Zalzalah""},""WEDNESDAY"":{""juz1"":"""",""juz2"":"""",""juz3"":"""",""juz4"":"""",""star"":"""",""jadeed"":"""",""juzhali"":"""",""murajah"":""Al-Mutaffifin til An-Naba""},""_editHistory"":{""FRIDAY_murajah"":""2026-07-28T14:49:33.177Z"",""TUESDAY_murajah"":""2026-07-28T14:48:50.307Z"",""THURSDAY_murajah"":""2026-07-28T14:49:21.294Z"",""WEDNESDAY_murajah"":""2026-07-28T14:49:07.969Z""}}",2026-07-28 14:47:03.075737+00,2026-07-28 14:49:34.691+00,de4f89af-c0f5-4dec-b52e-9282f26717f7,false,2026-07-28 14:49:34.691+00,2026-07-29 12:23:56.207+00
e47f9641-4ced-46b8-8652-034ee30bd7e8,"{""_mode"":""juz-wise"",""FRIDAY"":{""juz1"":"""",""juz2"":"""",""juz3"":"""",""juz4"":"""",""star"":"""",""jadeed"":"""",""juzhali"":"""",""murajah"":""""},""MONDAY"":{""juz1"":"""",""juz2"":"""",""juz3"":"""",""juz4"":"""",""star"":"""",""jadeed"":"""",""juzhali"":"""",""murajah"":""""},""SUNDAY"":{""juz1"":"""",""juz2"":"""",""juz3"":"""",""juz4"":"""",""star"":"""",""jadeed"":"""",""juzhali"":"""",""murajah"":""""},""TUESDAY"":{""juz1"":"""",""juz2"":"""",""juz3"":"""",""juz4"":"""",""star"":"""",""jadeed"":"""",""juzhali"":"""",""murajah"":""""},""SATURDAY"":{""juz1"":"""",""juz2"":"""",""juz3"":"""",""juz4"":"""",""star"":"""",""jadeed"":"""",""juzhali"":"""",""murajah"":""""},""THURSDAY"":{""juz1"":"""",""juz2"":"""",""juz3"":"""",""juz4"":"""",""star"":"""",""jadeed"":"""",""juzhali"":"""",""murajah"":""""},""WEDNESDAY"":{""juz1"":"""",""juz2"":"""",""juz3"":"""",""juz4"":"""",""star"":"""",""jadeed"":"""",""juzhali"":"""",""murajah"":""""},""_editHistory"":{}}",2026-07-05 12:40:27.923254+00,2026-07-18 07:31:49.781+00,e47f9641-4ced-46b8-8652-034ee30bd7e8,true,2026-07-18 07:31:49.781+00,
e92095e3-9ba6-4c24-a205-9c1f8a6876dc,"{""_mode"":""surah-wise"",""FRIDAY"":{""juz1"":"""",""juz2"":"""",""juz3"":"""",""juz4"":"""",""star"":"""",""jadeed"":""73:1"",""juzhali"":""580:582"",""murajah"":""""},""MONDAY"":{""juz1"":"""",""juz2"":"""",""juz3"":"""",""juz4"":"""",""star"":"""",""jadeed"":""73:7"",""juzhali"":""Al-Qiyamah til Al-Qiyamah"",""murajah"":""Al-Buruj til Al-Fajr""},""SUNDAY"":{""juz1"":"""",""juz2"":"""",""juz3"":"""",""juz4"":"""",""star"":"""",""jadeed"":""74:56"",""juzhali"":""577:579"",""murajah"":""""},""TUESDAY"":{""juz1"":"""",""juz2"":"""",""juz3"":"""",""juz4"":"""",""star"":"""",""jadeed"":""73:9"",""juzhali"":""Al-Muddaththir til Al-Muddaththir"",""murajah"":""Al-Balad til Al-Adiyat""},""SATURDAY"":{""juz1"":"""",""juz2"":"""",""juz3"":"""",""juz4"":"""",""star"":"""",""jadeed"":"""",""juzhali"":"""",""murajah"":""""},""THURSDAY"":{""juz1"":"""",""juz2"":"""",""juz3"":"""",""juz4"":"""",""star"":"""",""jadeed"":""73:12"",""juzhali"":""Al-Insan til Al-Insan"",""murajah"":""An-Naba til Abasa""},""WEDNESDAY"":{""juz1"":"""",""juz2"":"""",""juz3"":"""",""juz4"":"""",""star"":"""",""jadeed"":""73:11"",""juzhali"":""Al-Mursalat til Al-Mursalat"",""murajah"":""Al-Qari'ah til An-Nas""},""_editHistory"":{""THURSDAY_jadeed"":""2026-08-02T18:49:10.754Z"",""THURSDAY_juzhali"":""2026-08-02T18:49:07.100Z"",""THURSDAY_murajah"":""2026-08-02T18:48:34.061Z"",""WEDNESDAY_juzhali"":""2026-08-02T18:48:12.561Z""}}",2026-07-30 03:22:46.479522+00,2026-08-02 18:49:12.259+00,341cd4f7-8e45-4a26-a570-77755a90a42c,false,2026-08-02 18:49:12.259+00,2026-08-05 12:59:17.809+00
e99538b4-6879-4058-8de2-d673a0a80114,"{""_mode"":""juz-wise"",""FRIDAY"":{""juz1"":"""",""juz2"":"""",""juz3"":"""",""juz4"":"""",""star"":"""",""jadeed"":"""",""juzhali"":"""",""murajah"":""""},""MONDAY"":{""juz1"":"""",""juz2"":"""",""juz3"":"""",""juz4"":"""",""star"":"""",""jadeed"":"""",""juzhali"":"""",""murajah"":""""},""SUNDAY"":{""juz1"":"""",""juz2"":"""",""juz3"":"""",""juz4"":"""",""star"":"""",""jadeed"":"""",""juzhali"":"""",""murajah"":""""},""TUESDAY"":{""juz1"":"""",""juz2"":"""",""juz3"":"""",""juz4"":"""",""star"":"""",""jadeed"":"""",""juzhali"":"""",""murajah"":""""},""SATURDAY"":{""juz1"":"""",""juz2"":"""",""juz3"":"""",""juz4"":"""",""star"":"""",""jadeed"":"""",""juzhali"":"""",""murajah"":""""},""THURSDAY"":{""juz1"":""29"",""juz2"":"""",""juz3"":"""",""juz4"":"""",""star"":"""",""jadeed"":""61:14"",""juzhali"":""557:562"",""murajah"":""""},""WEDNESDAY"":{""juz1"":"""",""juz2"":"""",""juz3"":"""",""juz4"":"""",""star"":"""",""jadeed"":"""",""juzhali"":"""",""murajah"":""""},""_editHistory"":{""THURSDAY_jadeed"":""2026-08-05T16:14:08.616Z"",""THURSDAY_juzhali"":""2026-08-05T16:14:19.486Z""}}",2026-08-05 16:13:23.408373+00,2026-08-05 16:14:20.992+00,a9bdb9ab-7636-4106-97e1-fe4a23c8449e,false,2026-08-05 16:14:20.992+00,
f5e118cd-5e6b-4dd8-bf42-7b63be80e24b,"{""_mode"":""surah-wise"",""FRIDAY"":{""juz1"":"""",""juz2"":"""",""juz3"":"""",""juz4"":"""",""star"":"""",""jadeed"":""96:1"",""juzhali"":""Al-Qadr til Al-Bayyinah"",""murajah"":""Al-Fatiha til Al-Asr""},""MONDAY"":{""juz1"":"""",""juz2"":"""",""juz3"":"""",""juz4"":"""",""star"":"""",""jadeed"":""96:4"",""juzhali"":""Al-Qari'ah til Al-Qari'ah"",""murajah"":""Al-Fatiha til Al-Asr""},""SUNDAY"":{""juz1"":"""",""juz2"":"""",""juz3"":"""",""juz4"":"""",""star"":"""",""jadeed"":""96:3"",""juzhali"":""Al-Adiyat til Al-Adiyat"",""murajah"":""Al-Fatiha til Al-Asr""},""TUESDAY"":{""juz1"":"""",""juz2"":"""",""juz3"":"""",""juz4"":"""",""star"":"""",""jadeed"":""96:5"",""juzhali"":""At-Takathur til At-Takathur"",""murajah"":""Al-Fatiha til Al-Asr""},""SATURDAY"":{""juz1"":"""",""juz2"":"""",""juz3"":"""",""juz4"":"""",""star"":"""",""jadeed"":""96:2"",""juzhali"":""Az-Zalzalah til Az-Zalzalah"",""murajah"":""Al-Fatiha til Al-Asr""},""THURSDAY"":{""juz1"":"""",""juz2"":"""",""juz3"":"""",""juz4"":"""",""star"":"""",""jadeed"":""96:7"",""juzhali"":""Al-Bayyinah til Al-Bayyinah"",""murajah"":""Al-Fatiha til Al-Asr""},""WEDNESDAY"":{""juz1"":"""",""juz2"":"""",""juz3"":"""",""juz4"":"""",""star"":"""",""jadeed"":""96:6"",""juzhali"":""Al-Qadr til Al-Qadr"",""murajah"":""Al-Fatiha til Al-Asr""},""_editHistory"":{""THURSDAY_jadeed"":""2026-07-27T19:06:19.987Z"",""THURSDAY_juzhali"":""2026-07-27T19:06:33.488Z"",""THURSDAY_murajah"":""2026-07-27T19:05:44.099Z""}}",2026-07-24 17:46:10.506425+00,2026-07-27 19:06:34.994+00,f5e118cd-5e6b-4dd8-bf42-7b63be80e24b,true,2026-07-27 19:06:34.994+00,