id,student_id,week_date,murajazah,juz_hali,takhteet,jadeed,rank,next_week_juz,next_week_page,istifadah_juz,istifadah_page,attendance_note,created_at,total_jadeed_pages,attendance_count,matrookah,daeefah,wusool_juz,wusool_page,teacher_edit_count,teacher_locked,teacher_locked_at,wusool_surah,next_week_surah,istifadah_surah,total_score,total_jadeed_unit
01ef2acd-44db-446b-9552-ee15aa9861ee,7df8c8ef-c6cb-471e-98dc-a1b39ea1327f,2026-08-01,20.0,25.0,17.0,14.0,1,6,112,6,119,,2026-08-01 06:02:19.868163+00,2,5,,,6,110,0,false,,النساء,المائدة,المائدة,76.0,صفه
03a7c226-fb50-4510-b4c6-62bff60e6d0d,673b971a-4684-4fc2-a3d7-54abd83b8db1,2026-07-31,19.5,24.0,15.0,16.0,6,26,525,26,515,,2026-07-31 12:42:30.209645+00," 16",6," -",-,27,524,0,false,,الطور,الطور,الحجرات,74.5,سطر 26-30
097a0419-02ab-41f2-82f8-cece7b7891e0,11d7483f-dcd1-4e65-b35e-922401c98345,2026-06-11,22.0,20.0,20.0,20.0,1,11,5,11,27 اية,Good,2026-06-11 14:01:59.988892+00,4,4,-,"30,4,9,10",11,17,0,false,,يونس,هود,هود,82.0,صفه
09bcd80e-fca7-4bff-9685-f0d5eb4b00fe,7def9fa3-62f6-47a6-a71d-002a68c3df2a,2026-07-24,20.4,20.4,10.0,10.0,9,12,16,12,16,,2026-07-24 12:24:43.726417+00,3,6,9,"2,8,10",12,12,0,false,,هود,هود,يوسف,60.8,صفه
0bc88f90-ed10-470c-8e26-4553ddc1d850,ecc40639-b95f-44cc-85a4-51b4ee976e2c,2026-06-13,21.0,22.5,15.0,6.0,2,30,تمام,30,تمام," Audio suni ne murajat karva iltemas ch",2026-06-13 18:54:58.984637+00,٣ سطر,5,,,30,١ سطر,0,false,,الإخلاص,الماعون,الضحى,64.5,صفه
0bde536d-6df4-40ae-b5a1-ce389b82ce04,a1cb1b17-d8a2-4cf0-9bab-bb73c92977df,2026-07-11,18.0,15.0,20.0,7.0,10,26,٣٥,26,تمام,,2026-07-11 11:55:51.817242+00,1.5,4,٣٠,.,26,٣,0,false,,ق,ق,الأحقاف,60.0,صفه
0d44d1a0-b122-433c-a189-3fde2ebe1753,673b971a-4684-4fc2-a3d7-54abd83b8db1,2026-07-11,17.0,14.0,10.0,7.0,17,26,اية-٣٠,26,اية-١,,2026-07-11 13:10:00.832199+00," 1",5," -",-,26,اية-١٠,0,false,,النجم,النجم,الطور,48.0,صفه
0f65f7b3-7bbc-4ba1-a84c-05ac1ca79dec,665f5d37-4a0f-4811-b223-415f0154d022,2026-06-10,18.0,20.0,10.0,0.0,24,28,٢٢ اية,27,,,2026-06-10 11:34:18.198275+00,0,1,٠,٠,28,٢٢ اية,0,false,,المجادلة,المجادلة,الحديد,48.0,صفه
13502aff-cdc2-4e26-bdae-d030ee13a5e5,21bf52b6-517f-4b7c-99db-befbdb7ac292,2026-06-10,18.0,15.0,12.0,12.0,19,28,٨٠اية,28,٨٠,"احسنت ",2026-06-10 12:29:17.701902+00,2,4,-,-,27,٧٤ اية,0,false,,الواقعة,الواقعة,الواقعة,57.0,صفه
1595a304-cbd3-4a8a-8242-920c3f8b93c2,408ec206-5476-4e07-946d-27f9f5560f99,2026-05-24,26.0,25.0,20.0,0.0,1,29,,29,20,V Good,2026-05-24 14:04:46.539908+00,0,6,0,0,29,20,0,false,,المرسلات,المرسلات,المرسلات,71.0,صفه
19486d38-1db8-4a98-8920-6abd718bb9e3,a1cb1b17-d8a2-4cf0-9bab-bb73c92977df,2026-07-31,0.0,0.0,0.0,8.0,26,,,,,,2026-07-31 11:41:50.850043+00,8,5,,,,,0,false,,ق,,,8.0,سطر 26-30
1a5a5ee2-55cb-405b-8e6e-d0e58d961845,a0b86790-02d5-4d0a-ae4a-81bf20d44d1b,2026-07-11,0.0,0.0,0.0,0.0,23,11,20,12,20,uzur,2026-07-11 11:54:59.306515+00,0,0,0,0,11,13,0,false,,يونس,يونس,يونس,0.0,صفه
1b4b2e25-6842-4c3e-a4cd-5ec39f260b46,7df8c8ef-c6cb-471e-98dc-a1b39ea1327f,2026-07-24,15.0,25.0,17.0,17.0,4,6,111,6,119,,2026-07-24 14:11:40.552133+00,2,6,,,6,109,0,false,,النساء,المائدة,المائدة,74.0,صفه
1ba13d5e-5651-4c5d-a7e9-aadb32376494,cfd7fb59-e915-4e53-b3da-f32846e27d6f,2026-06-10,12.0,10.0,5.0,0.0,32,28,اية-٦,28,اية-١٠,,2026-06-10 11:36:52.416865+00,0,4,-,-,29,اية-٤,0,false,,التحريم,التحريم,التحريم,27.0,صفه
1bbb321c-e9f6-468c-bf42-04ac068dc2fc,520f5eeb-8c18-461e-b051-3cdb6f72f5e9,2026-07-17,18.0,17.0,10.0,3.0,20,2,12,2,20,Good!,2026-07-17 12:28:41.398609+00,0.5,20,"28,26","29,3",2,11,0,false,,البقرة,البقرة,البقرة,48.0,صفه
1cb0ea33-b36b-4096-a94d-f8380f885b03,10338619-9be5-4f2b-9a68-4c8f80a5b479,2026-07-25,20.0,15.0,7.0,0.0,18,28,22 اية,28,٢٢,,2026-07-25 11:06:04.136774+00,.,5,٠,٠,28,22 اية,0,false,,المجادلة,المجادلة,المجادلة,42.0,صفه
1dc9b207-cc2f-4432-ba29-2699efe3bdcc,d696341d-00ef-4ffb-b712-eba1c0cc4bf8,2026-07-17,25.0,26.0,15.0,15.0,1,28,10,28,10,,2026-07-17 12:28:34.50462+00,1,6,0,0,29,30,0,false,,الملك,التحريم,التغابن,81.0,صفه
1f5726dc-464d-4beb-867f-9c6883f8326a,88dc27aa-48f1-43ac-9100-b82d62e68570,2026-06-11,24.0,23.0,10.0,10.0,6,29,,29,4 اية,"Good ",2026-06-11 12:30:18.582216+00,10 سطر,4,-,-,29,23 اية,0,false,,الجن,الجن,المعارج,67.0,صفه
21405e98-8fd1-423e-8e47-090c1c11fb19,b07a3e89-70a3-4c74-a2b5-e530e210d095,2026-07-31,24.0,25.0,17.0,14.0,2,27,523,27,524,,2026-07-31 11:02:15.205784+00,2,5,,,27,526,0,false,,النجم,النجم,الطور,80.0,صفه
22e8f899-fcf3-487a-8395-46592947a3eb,a1cb1b17-d8a2-4cf0-9bab-bb73c92977df,2026-07-24,18.0,19.0,10.0,6.0,15,26,520,26,تمام,good,2026-07-24 12:57:44.407901+00,6سطر,4,28,29,26,519,0,false,,ق,ق,الأحقاف,53.0,صفه
23c1e0ff-a5a6-4d17-acaa-465f60e71f82,0f23c938-cf37-41ad-8fd9-8fbd0ab9f133,2026-06-10,24.0,20.0,12.0,8.0,14,30,٣,30,٣,جيد,2026-06-10 12:52:45.197241+00,1,3,-,-,30,١٩ اية,0,false,,الأعلى,الطارق,الطارق,64.0,صفه
246e6808-698c-4a5a-8eb6-f669fffffebe,21bf52b6-517f-4b7c-99db-befbdb7ac292,2026-07-11,22.0,19.0,11.0,11.0,8,27,67 اية,26,29 اية,good,2026-07-11 11:49:46.705626+00,"11 سطر ",4,-,29,27,25 اية,0,false,,الرحمن,الرحمن,الفتح,63.0,صفه
24ad28e5-2693-45e5-94bc-eb360bc72163,cfd7fb59-e915-4e53-b3da-f32846e27d6f,2026-07-31,17.0,21.6,16.0,10.0,12,28,558,28,553,ijtehad kari rya ch  !!good,2026-07-31 12:45:06.445836+00,10,6,-,-,29,558,0,false,,الطلاق,الطلاق,الجمعة,64.6,سطر 26-30
255ce5a3-07e0-49f7-b69f-46c7d2b1ff65,2873a7f1-1599-477c-b5c0-f53639c7bfca,2026-07-24,21.5,19.0,20.0,15.0,3,19,363,20,401,احسنت ، بارك الله فيه,2026-07-24 11:44:53.847397+00,5,6,-,"4,11,12,13,14,15,16",18,357,0,false,,النور,الفرقان,النمل,75.5,صفه
25bee0a5-bb1e-4fbd-b104-74c1e5fa2d77,4fe800b2-b745-4cd4-8ed1-517b28dbe0e3,2026-07-17,23.0,22.4,15.0,4.0,9,30,598,30,597,Jadeed Surat Audio suni ne brabar mazboot hiifz karine aavu.,2026-07-17 12:20:05.143871+00,2 سطر,6,,,30,598,0,false,,البينة,البينة,البلد,64.4,صفه
2780b319-7429-474e-91b5-eaa6a40b1504,d7774296-2496-4d28-93b5-28b759f858a1,2026-06-10,23.0,22.0,15.0,10.0,10,29,,28,١٢ آية,Good,2026-06-10 12:21:06.584124+00,1,4,.,.,29,٤٦ آية,0,false,,القلم,,الطلاق,70.0,صفه
278d58f1-d34b-4838-bbd4-92e8fba4e525,11522d65-14c7-48dd-a9ce-5a399b7dba62,2026-07-31,25.0,24.0,20.0,4.0,9,29,575,29,562,"Good! Tilawat Lehen ma thoru karta thaya ch. ",2026-07-31 12:23:37.4608+00,2,4,.,.,29,577,0,false,,المزمل,المدثر,الملك,73.0,سطر
291847be-1e9b-42de-95a0-779345f7fae5,3daa574d-1f97-45e2-a1e0-eebf7d4ce848,2026-07-11,24.0,22.0,12.0,14.0,4,30,596,30,593,"class ma adab si bethwu 
jadeed mazboot hifz kri ne awu",2026-07-11 11:29:10.892814+00,"  7",6,.,.,30,595,0,false,,الليل,الليل,الفجر,72.0,سطر
295437e9-0b64-4397-9b96-b3493f26b60c,302af2cb-86c3-4463-b633-0d84a105c022,2026-07-17,20.0,14.0,4.0,4.0,22,30,٢٥,30,تمام,Murjaat mazboot krwu and jadeed krine aawu,2026-07-17 14:23:02.290641+00," ٣ سطر ",5,0,0,30,١٤,0,false,,النبأ,النبأ,النبأ,42.0,صفه
29c774f3-6522-4221-93ec-176d50375d08,780a051c-b387-48fb-9430-caf747aaefe5,2026-06-10,20.0,20.0,5.0,5.0,23,30,,30,14 اية,محنة ني ضرورة چهے,2026-06-10 12:08:11.524206+00,,4,-,30,30,25 اية,0,false,,الانشقاق,المطففين,المطففين,50.0,صفه
2a46aa88-1904-421a-baff-91b59e3fe7f2,a1cb1b17-d8a2-4cf0-9bab-bb73c92977df,2026-08-07,19.2,18.2,7.0,8.0,8,26,519,26,581,"jadeed ziyadah kari ne aawe,juzhali ma same mistakes thai che ye durust karwu
",2026-08-07 12:27:42.795905+00,8,5,-,-,26,,0,false,,ق,ق,الأحقاف,52.4,سطر 26-30
2aa47065-f551-431a-8c76-ac280e7ed2fb,9536fa54-1bd3-42c4-908e-6ff55c77b7ae,2026-07-31,24.0,23.4,18.0,8.0,8,30,583,30,582,! احسنتِ,2026-07-31 14:30:17.600068+00,4,5,-,-,30,584,0,false,,النازعات,النازعات,النبأ,73.4,سطر
2b388a32-0cac-4221-b4c9-0161eaa47a36,9dda1944-b1ca-4e37-a20d-0906edc48e79,2026-07-31,0.0,0.0,0.0,0.0,27,30,583,30,580,,2026-07-31 14:36:43.765247+00,0,0,.,.,30,585,0,false,,عبس,النازعات,المرسلات,0.0,سطر
2c96a9b4-2462-43ae-8a71-e46f152806e1,7df8c8ef-c6cb-471e-98dc-a1b39ea1327f,2026-07-31,20.0,25.0,17.0,17.0,4,6,112,6,119,,2026-07-31 10:54:01.22899+00,2,5,,,6,110,0,false,,النساء,المائدة,المائدة,79.0,صفه
2ca1d6ce-14c4-419e-a033-12a8efab613e,001c967a-f06c-4062-a6ba-d550c6ec4e2b,2026-07-25,7.0,7.0,5.0,0.0,20,29,562,29,12,"Good
",2026-07-25 06:22:36.07161+00,-,6,-,30,29,574,0,false,,المزمل,المزمل,الملك,19.0,صفه
2cdef32d-1728-4e36-96ab-c75831827a2f,fe47c15c-4557-4d96-90b3-b66f6f12db2a,2026-07-17,22.0,18.0,10.0,12.0,11,26,5,26,15,,2026-07-17 12:24:58.983939+00,1,6,٠,٠,26,21,0,false,,الفتح,محمد,محمد,62.0,صفه
2f5c141a-5ab1-4ced-886c-f4b6b35acf5c,9dda1944-b1ca-4e37-a20d-0906edc48e79,2026-07-29,0.0,0.0,0.0,0.0,1,30,583,30,580,Good!,2026-07-29 05:13:57.947459+00,0,2,.,.,30,585,0,false,,عبس,النازعات,المرسلات,0.0,سطر
300eaf55-89ca-4d1d-bf2c-77eef0b0d151,2671cea9-346d-442e-b4dc-03403e8468d2,2026-07-17,15.0,17.0,5.0,5.0,22,27,20,27,20,,2026-07-17 12:25:09.321159+00,0.5,5,28,,27,5,0,false,,النجم,النجم,النجم,42.0,صفه
31f36366-433a-49fd-91d0-f640c49aca49,e95f830f-671d-4658-bba5-771eb0c6f6e6,2026-06-10,23.0,22.0,19.0,16.0,4,29,566,28,542,Good 👍,2026-06-10 12:27:52.848924+00,8 سطر,6,29,,29,569,0,false,,المعارج,الحاقة,المجادلة,80.0,صفه
32c74240-f0e0-4958-b088-9a677c0e762d,2671cea9-346d-442e-b4dc-03403e8468d2,2026-07-24,21.0,18.0,5.0,5.0,17,27,20,27,20,,2026-07-24 12:28:46.945019+00,0,5,,28,27,11,0,false,,النجم,النجم,النجم,49.0,صفه
32e62fd5-25d3-4619-a8d6-6aa12ba209db,d7774296-2496-4d28-93b5-28b759f858a1,2026-07-03,0.0,0.0,0.0,0.0,34,29,,28,١٢ آية,ABSENT,2026-07-03 12:18:48.917228+00,0,0,.,.,29,٤٦ آية,0,false,,القلم,القلم,الطلاق,0.0,صفه
33d76a55-495d-4d20-aedb-97fb531315a3,39d4794c-a9bb-438d-b5a5-77ef030d0336,2026-07-31,20.0,15.0,10.0,0.0,25,5,٢٠ ikhtebaqf,6,5safaa,جيد,2026-07-31 12:31:08.233769+00,-,2,30,4,5,20,0,false,,النساء,النساء,النساء,45.0,صفه
33f98e4d-99e3-42f4-bb28-efd0baf84c8f,a0b86790-02d5-4d0a-ae4a-81bf20d44d1b,2026-07-24,22.0,21.0,20.0,20.0,2,12,10,15,20,Good!,2026-07-24 12:06:41.49636+00,8,6,"1,8","5,7,10,9",12,3,0,false,,هود,هود,الكهف,83.0,صفه
353acaaf-2717-4db4-b7e0-fddeb776ca47,3daa574d-1f97-45e2-a1e0-eebf7d4ce848,2026-06-10,26.0,23.0,15.0,3.0,11,30,6,30,تمام,,2026-06-10 11:19:04.486314+00,٧ سطر,6,.,.,30,٨,0,false,,الزلزلة,البينة,القدر,67.0,صفه
35724adc-2da7-412a-9897-5813677b1c24,d696341d-00ef-4ffb-b712-eba1c0cc4bf8,2026-06-10,27.0,28.0,20.0,20.0,1,29,٣٥,29,٣٥,,2026-06-10 12:29:06.725639+00,7,4,0,0,29,٢٥,0,false,,الحاقة,الحاقة,الحاقة,95.0,صفه
374166a7-4ca8-4522-942c-aa8270202443,8315df71-c824-4304-9dfa-b6d221a08d29,2026-07-31,21.0,22.0,15.0,4.0,15,30,583,29,577,Good!,2026-07-31 14:32:26.849593+00,2,1,.,.,30,585,0,false,,عبس,النازعات,القيامة,62.0,سطر
37d44830-872c-4ddf-9235-98273e3eec1d,070d6330-cb79-40d6-a97d-81bace2defb9,2026-06-11,22.0,24.0,18.0,18.0,1,28," ١١ اية",28,١ اية,,2026-06-11 12:51:59.557813+00,7 lines,6,,,28,٥ اية,0,false,,التحريم,التحريم,الطلاق,82.0,صفه
3bcccb8c-ea1d-4b6b-acad-db8d7a447211,43ad7291-43ff-49f7-8ae8-543a31eced80,2026-05-23,21.0,20.0,20.0,10.0,5,28,,26,,Good !,2026-05-23 14:44:59.232633+00,1,6,.,29,28,,4,true,2026-05-23 14:50:57.357+00,الحشر,المجادلة,الأحقاف,71.0,صفه
3d96ef48-2d73-44cb-90af-45a3354628d7,09b4a179-788b-4285-b8fd-40de0dc90153,2026-07-03,23.0,19.0,5.0,0.0,28,28,4 اية,27," 28 اية",ziyadah ijtehad ni zarurat che,2026-07-03 12:11:02.574983+00,0,4,.,29,28,14 اية,0,false,,الصف,الحشر,الحديد,47.0,صفه
3e561457-0a61-4fb0-afed-7fccdc430a7f,b07a3e89-70a3-4c74-a2b5-e530e210d095,2026-07-11,20.0,27.0,17.0,20.0,2,27,526,27,524,,2026-07-11 12:05:02.73568+00,3,6,,,27,529,0,false,,القمر,النجم,الطور,84.0,صفه
3f308944-4b28-49d9-9113-1cb95d8f471e,2873a7f1-1599-477c-b5c0-f53639c7bfca,2026-07-25,13.0,11.5,16.0,16.0,13,19,373,20,401,احسنت ، بارك الله فيه,2026-07-25 03:44:03.335279+00,4,5,"30,5,9,10,15,16","3,6,7,8,11,17",19,367,0,false,,الفرقان,الفرقان,النمل,56.5,صفه 6-25
411c9919-d61c-4d75-bf9e-6ca2998e661a,e95f830f-671d-4658-bba5-771eb0c6f6e6,2026-07-17,21.5,23.0,18.0,8.0,8,29,566,28,542,Imkan Mutabiq jadeed audio suni ne aavu. Good 👍,2026-07-17 12:17:34.567137+00,4 سطر,6,.,.,29,567,0,false,,الحاقة,الحاقة,المجادلة,70.5,صفه
4155faa8-cf4a-4d19-b9e5-f5d6267d08f0,a1cb1b17-d8a2-4cf0-9bab-bb73c92977df,2026-07-03,18.0,15.0,10.0,0.0,29,26,٦٠,26,تمام,,2026-07-03 12:20:21.551603+00,.,3,.,٢٩,26,٣٧,0,false,,الذاريات,الذاريات,الأحقاف,43.0,صفه
448f99e7-c99b-4170-ad0f-956fc656249f,53991a31-3ba4-4e57-9bdf-8a3236feaf52,2026-07-31,18.0,13.0,12.0,5.0,23,29,5,29,10,,2026-07-31 12:24:40.605055+00,3,5,٠,.,29,8,0,false,,الحاقة,الحاقة,القلم,48.0,سطر
46fa4fbf-2710-4ddd-8d45-8331761bb697,cfd7fb59-e915-4e53-b3da-f32846e27d6f,2026-07-17,15.0,12.0,5.0,0.0,26,28,اية-٦,28,اية-١٠,,2026-07-17 16:51:44.903896+00,0,3,-,-,29,اية-٤,0,false,,التحريم,التحريم,الطلاق,32.0,صفه
48373592-06da-40cf-a8cf-6065bcdb4f62,88dc27aa-48f1-43ac-9100-b82d62e68570,2026-07-31,24.3,22.5,15.0,5.0,11,29,568,28,551,jadeed ziyadah kari ne aawe,2026-07-31 11:12:11.751421+00,5,6,-,-,29,568,0,false,,نوح,المعارج,الصف,66.8,سطر 26-30
49486126-23ab-457f-80d3-ba1f198f856d,c62422b7-2f93-40ad-88b1-f4eda82d94cd,2026-07-11,20.0,18.0,10.0,9.0,12,12,86,13,52,,2026-07-11 12:36:07.595361+00,3,5,-,"7.8,11",12,43,0,false,,يوسف,يوسف,إبراهيم,57.0,صفه
4af2da2f-3223-4133-95aa-e3d85986384f,d7f13603-e2ee-4a9c-8f00-780bc8ed9d4f,2026-07-25,20.0,22.0,10.0,10.0,10,30,40,30,40,,2026-07-25 04:07:34.935232+00,.,6,٠,٠,30,40,0,false,,النبأ,النبأ,النبأ,62.0,صفه
4d8d8b39-50d5-4322-b544-d4678cddfe92,97abc227-00d8-4dd9-ae5d-109f1b7ee850,2026-07-31,20.0,21.5,18.0,20.0,3,28,549.,27,537,,2026-07-31 12:37:45.542077+00,27,5,,,28,551,0,false,,الصف,الممتحنة,الحديد,79.5,سطر 26-30
4da55c98-f2fb-435e-b919-cb064bbcbbc0,9536fa54-1bd3-42c4-908e-6ff55c77b7ae,2026-07-12,23.1,22.5,18.0,6.0,2,30,46 اية,30,40 اية,! احسنتِ,2026-07-12 06:55:04.180208+00,3سطر,4,-,-,30,583,0,false,,النازعات,النازعات,النبأ,69.6,صفه
4e94de46-2368-4692-91fd-079f41a197a8,209a7cc0-b3c1-4bcb-8e09-441984bc81ac,2026-07-11,19.2,16.0,7.0,3.0,18,30,18,30,١٠اية,جيد,2026-07-11 12:26:53.79902+00,1 Line,5,-,-,30,558,0,false,,المطففين,المطففين,الانفطار,45.2,صفه
4eb9c7b9-abde-440b-9deb-457b8185e053,09b4a179-788b-4285-b8fd-40de0dc90153,2026-07-04,23.0,19.0,5.0,0.0,4,28,"4 ",27," 28 اية",ziyadah ijtehad ni zarurat che,2026-07-04 04:15:49.293252+00,0,4,.,29,28,14 اية,0,false,,الصف,الحشر,الحديد,47.0,صفه
50209d07-a4ac-4271-b47e-914fc48a997f,09b4a179-788b-4285-b8fd-40de0dc90153,2026-06-05,22.0,20.0,15.0,20.0,2,28,,28,,Good,2026-06-05 15:33:29.193133+00,2,6,.,28,28,,0,false,,المجادلة,المجادلة,المجادلة,77.0,صفه
505c465b-f1c9-4893-bf90-935c170546a1,673b971a-4684-4fc2-a3d7-54abd83b8db1,2026-07-24,15.0,17.0,12.0,7.0,16,26,اية-38,26,اية-١,,2026-07-24 13:14:50.216728+00," 1",6," -",-,27,اية-30,0,false,,النجم,النجم,الطور,51.0,صفه
50938d8c-1ec5-4e82-8bc9-d445a20ef255,09b4a179-788b-4285-b8fd-40de0dc90153,2026-06-10,0.0,20.0,15.0,20.0,20,28,,28,15 اية,Good,2026-06-10 12:13:25.782368+00,2,4,.,28،29,28,12 اية,0,false,,الصف,الحشر,الحشر,55.0,صفه
52b26c12-251b-41b1-a191-19016b0d1c61,43ad7291-43ff-49f7-8ae8-543a31eced80,2026-06-10,21.0,20.0,20.0,10.0,9,28,٢٢ آية,26,,Good !,2026-06-10 12:27:59.235226+00,1,6,.,29,28,٢٢  آية,0,false,,الممتحنة,المجادلة,الأحقاف,71.0,صفه
541ecd26-2d83-4129-bb0d-bc3d33780f7f,673b971a-4684-4fc2-a3d7-54abd83b8db1,2026-06-10,21.0,18.0,14.0,9.0,17,26,اية-٥٠,26,اية-١٠,,2026-06-10 12:10:45.005357+00,1,4," -",-,26,,0,false,,القمر,القمر,النجم,62.0,صفه
5494a195-a406-459a-b494-97989c41e317,4fe800b2-b745-4cd4-8ed1-517b28dbe0e3,2026-06-10,22.0,23.0,15.0,4.0,14,30,تمام,30,تمام,,2026-06-10 12:29:41.0006+00,2 سطر,6,,,30,6,0,false,,الزلزلة,البينة,البينة,64.0,صفه
54fb6a85-34cb-47ef-8c9a-c25427853da2,43ad7291-43ff-49f7-8ae8-543a31eced80,2026-06-11,21.0,20.0,20.0,10.0,5,28,٢٢ آية,26,,Good !,2026-06-11 16:09:53.417294+00,1,4,.,29,28,٢٢  آية,0,false,,الممتحنة,المجادلة,الأحقاف,71.0,صفه
559f6c0a-a8cb-4e3f-ba14-0655dc885684,4fe800b2-b745-4cd4-8ed1-517b28dbe0e3,2026-08-05,23.0,22.4,15.0,6.0,1,30,596,30,589,Jadeed Surat Audio suni ne brabar mazboot hiifz karine aavu.,2026-08-05 14:14:35.167085+00,3,6,,,30,597,0,false,,القدر,البينة,البلد,66.4,سطر
55c94b4e-d145-4745-9578-609dc55b1523,5337eaba-ac28-419b-b0bf-d3ccad383859,2026-06-10,0.0,0.0,0.0,0.0,33,28,٧اية,28,١٣,متوسط,2026-06-10 11:33:25.601058+00,,0,٣٠،٢٩،٢٨,-,28,١٤ اية,0,false,,الممتحنة,الممتحنة,الممتحنة,0.0,صفه
56dd1343-037c-4686-8b71-b36afba0eacf,43ad7291-43ff-49f7-8ae8-543a31eced80,2026-07-17,21.0,20.0,15.0,0.0,13,28,٢٢ آية,26,,Good ! Ohbat,2026-07-17 12:24:34.403489+00,0,6,0,28,28,٢٢  آية,0,false,,الممتحنة,المجادلة,الأحقاف,56.0,صفه
57e4eea8-6efb-4263-ae78-eb2e87afaa4b,d696341d-00ef-4ffb-b712-eba1c0cc4bf8,2026-07-31,22.8,16.0,10.0,10.0,18,28,5,28,14,,2026-07-31 13:04:49.792607+00,1.5,6,0,0,28,6,0,false,,التغابن,الصف,المجادلة,58.8,صفه
583e6d88-f723-4f2e-82c6-2a2acd107d37,0cc27a7a-a964-4e64-bc58-cdd65142cd7e,2026-07-25,18.0,22.0,7.0,10.0,12,29,15,28,تمام,,2026-07-25 06:38:31.966984+00,1,5,0,0,29,35,0,false,,الملك,التحريم,المجادلة,57.0,صفه
586c8452-8ee7-40b5-bd14-d4c2895c68a9,665f5d37-4a0f-4811-b223-415f0154d022,2026-07-17,15.0,15.0,10.0,0.0,24,28,٢٢ اية,27,,,2026-07-17 12:28:20.32497+00,0,4,٠,٠,28,٢٢ اية,0,false,,المجادلة,المجادلة,الحديد,40.0,صفه
5b0c52b1-3580-4338-baf5-d9fe57a54a5b,cfd7fb59-e915-4e53-b3da-f32846e27d6f,2026-07-25,12.0,12.0,10.0,10.0,17,28,561,28,558,,2026-07-25 04:29:54.025562+00,"4 ",0,-,-,29,560,0,false,,التحريم,التحريم,الطلاق,44.0,صفه
5c35bc72-de74-416a-bd82-38c01c2754d6,88dc27aa-48f1-43ac-9100-b82d62e68570,2026-07-11,23.0,24.0,8.0,8.0,8,29,28 اية,28,28 اية,jadeed ziyadah kari ne aawe,2026-07-11 11:29:25.006765+00,8 سطر,4,-,30,29,9 اية,0,false,,نوح,نوح,الصف,63.0,صفه
5f9a9fbd-03de-461d-9195-59b49a4b6d34,21bf52b6-517f-4b7c-99db-befbdb7ac292,2026-07-03,18.0,15.0,7.0,0.0,30,27,8 اية,27,"49 ","احسنت ",2026-07-03 12:17:35.83448+00,0,3,-,29,27,81 اية,0,false,,الواقعة,الرحمن,الطور,40.0,صفه
5fd67b95-587a-487b-812b-8f67e935970a,06396a54-2570-402d-b22c-5340828bdaed,2026-05-23,24.0,23.0,20.0,20.0,1,11,20,15,20,"Amazing performance 👏 ",2026-05-23 13:49:43.994685+00,6,6,,,11,13,4,true,2026-05-24 04:50:52.742+00,هود,هود,الكهف,87.0,صفه
5fe8a0e2-72f4-42ee-b065-66dd796496c4,0cc27a7a-a964-4e64-bc58-cdd65142cd7e,2026-06-10,22.0,23.0,15.0,7.0,11,29,٤٠,29,تمام,"Good consistency ",2026-06-10 12:04:00.840578+00,1,6,٠,٠,29,٢٠,0,false,,القلم,القلم,القلم,67.0,صفه
620b0070-b1f5-485f-995f-ee7f3f0904b1,7df8c8ef-c6cb-471e-98dc-a1b39ea1327f,2026-06-11,22.0,20.0,17.0,17.0,4,6,١٠٤,6,١٠٦,,2026-06-11 12:50:31.494742+00,1,6,,,6,١٠٢,0,false,,النساء,النساء,المائدة,76.0,صفه
6335c659-a3c9-470c-8f7b-a27d84770a70,10338619-9be5-4f2b-9a68-4c8f80a5b479,2026-07-31,23.0,18.0,7.0,0.0,23,28,22 اية,28,٢٢,,2026-07-31 12:25:31.433334+00,.,5,٠,٠,28,22 اية,0,false,,المجادلة,المجادلة,المجادلة,48.0,صفه
64d122f8-7df3-42bc-82b2-9b64d5d3a876,06396a54-2570-402d-b22c-5340828bdaed,2026-06-05,24.0,22.3,20.0,2.0,3,13,20,15,20,"Amazing performance 👏 ",2026-06-05 13:10:32.360085+00,6,6,-,-,12,17,0,false,,يوسف,إبراهيم,الكهف,68.3,صفه
656792dc-cca6-4a9b-9ca2-fafa933d2010,b07a3e89-70a3-4c74-a2b5-e530e210d095,2026-06-10,23.0,23.0,18.0,18.0,2,27,٥٤١,27,٥٣٥,,2026-06-10 11:28:51.8078+00,2,6,,,27,٥٣٨,0,false,,الحديد,الحديد,الواقعة,82.0,صفه
660d71ef-b5c8-40e7-a741-f6ffc380c4ab,0cc27a7a-a964-4e64-bc58-cdd65142cd7e,2026-08-07,22.0,18.0,10.0,14.0,3,28,561,28,556,,2026-08-07 12:32:30.322859+00,7,5,0,mulk,28,,0,false,,التحريم,التحريم,التغابن,64.0,سطر
66aae19c-4ed7-4be6-b8aa-0d5b9820a65f,d696341d-00ef-4ffb-b712-eba1c0cc4bf8,2026-07-24,23.0,25.0,10.0,10.0,8,28,5,28,5,,2026-07-24 11:24:26.787141+00,1.5,6,0,0,28,6,0,false,,الطلاق,التغابن,التغابن,68.0,صفه
66e60e4e-298b-4a4b-8484-2d51e93a8621,88dc27aa-48f1-43ac-9100-b82d62e68570,2026-07-17,22.5,22.1,5.0,5.0,14,29,28 اية,28,28 اية,jadeed ziyadah kari ne aawe,2026-07-17 11:47:25.330966+00,5 سطر,5,-,-,29,16 اية,0,false,,نوح,نوح,الصف,54.6,صفه
685b0aa0-6393-4e79-9dd0-abf120b25923,11d7483f-dcd1-4e65-b35e-922401c98345,2026-07-25,17.3,18.5,3.0,0.0,19,12,228,14,281,mehnat ni zarurat che,2026-07-25 03:49:09.585748+00,.,3,"2,5,6,7,9","10,8,1",12,223,0,false,,هود,هود,النحل,38.8,صفه
687d9981-0edb-49c3-a12e-44593af09619,d9e445fd-05c2-4b4b-bc83-fc356b093b72,2026-06-12,22.0,23.0,16.0,10.0,1,30,,30,,Good,2026-06-12 21:17:14.438918+00,"5  ",5,,,30,,0,false,,الفيل,الهمزة,البلد,71.0,صفه
6a360393-6f71-4065-a24f-155ce07d1000,9dda1944-b1ca-4e37-a20d-0906edc48e79,2026-08-04,0.0,0.0,0.0,7.0,1,30,583,30,580,,2026-08-04 06:46:44.81988+00,1,0,.,.,30,585,0,false,,عبس,النازعات,المرسلات,7.0,صفه
6b56e1c3-b3e9-41bf-9a81-fb44d1996e16,10338619-9be5-4f2b-9a68-4c8f80a5b479,2026-07-03,20.0,23.0,15.0,10.0,9,28,22 اية,28,٢٢,,2026-07-03 12:16:24.820056+00,1,4,٠,٠,28,22 اية,0,false,,المجادلة,المجادلة,المجادلة,68.0,صفه
6c824f2d-476e-4f36-951c-aae488aee3f4,43ad7291-43ff-49f7-8ae8-543a31eced80,2026-07-03,20.0,20.0,15.0,0.0,17,28,٢٢ آية,26,,Good !,2026-07-03 12:34:52.054587+00,0,4,28,29,28,٢٢  آية,0,false,,الممتحنة,المجادلة,الأحقاف,55.0,صفه
6c9c3e64-33d1-45d8-9ef3-5d0141dbef30,a0b86790-02d5-4d0a-ae4a-81bf20d44d1b,2026-07-31,21.0,22.0,10.0,4.0,19,12,236,13,,Uzur,2026-07-31 12:11:26.086829+00,1,1,"1,2,3,4,6,7,8,10,11",0,12,10,0,false,,هود,يوسف,إبراهيم,57.0,صفه 6-25
6cbd3ca5-18d0-4acb-97a3-efc602c819bd,21bf52b6-517f-4b7c-99db-befbdb7ac292,2026-08-07,22.0,19.0,15.0,16.0,2,27,528,26,523,good,2026-08-07 12:27:30.642607+00,16,4,-,29,27,529,0,false,,القمر,القمر,الطور,72.0,سطر 26-30
6f2b665f-f297-4661-bd0c-56c1f8038f0c,2873a7f1-1599-477c-b5c0-f53639c7bfca,2026-05-23,20.0,15.0,20.0,18.0,2,17,10,17,20,احسنت ، بارك الله فيه,2026-05-23 15:11:10.457088+00,6,6,"٢,٣,٧,٨,١١,١٤",٠,17,4,2,false,,الأنبياء,الأنبياء,الأنبياء,73.0,صفه
70424c51-4c39-46cb-9671-ff04e71f3a67,4fe800b2-b745-4cd4-8ed1-517b28dbe0e3,2026-07-03,23.0,21.4,13.0,4.0,12,30,تمام,30,تمام,Jadeed Surat Audio suni ne brabar mazboot hiifz karine aavu.,2026-07-03 13:21:15.556606+00,2 سطر,3,,,30,599,0,false,,الزلزلة,البينة,البلد,61.4,صفه
7143f67c-29b9-4729-aa1c-b036bf167a0a,13687291-5761-44ff-8c59-f46e6b03b8b9,2026-07-17,19.8,16.5,10.0,7.0,15,28,554,28,542,,2026-07-17 13:11:13.038114+00,12 Lines,5,-,-,28,557,0,false,,التغابن,الطلاق,المجادلة,53.3,صفه
71c953a5-94d9-4391-845e-c4e1ee1abbc2,c62422b7-2f93-40ad-88b1-f4eda82d94cd,2026-07-24,13.6,11.5,15.0,16.0,12,12,250,13,261,"
",2026-07-24 12:05:43.862857+00,4,6,"30,8,9,11","2,4",13,249,0,false,,يوسف,يوسف,إبراهيم,56.1,صفه 6-25
72d6d7b9-15ba-4809-90bc-e71180600612,2671cea9-346d-442e-b4dc-03403e8468d2,2026-06-10,15.0,15.0,5.0,5.0,30,27,٤٥,27,٤٥,,2026-06-10 11:59:40.117106+00,,4,٠,٠,27,٣٥,0,false,,القمر,القمر,القمر,40.0,صفه
736dd410-12cb-4b9b-ab47-2e1f05ddb9cd,7df8c8ef-c6cb-471e-98dc-a1b39ea1327f,2026-07-11,20.0,20.0,17.0,17.0,3,6,108,6,119,,2026-07-11 12:02:15.696694+00,1,4,,,6,106,0,false,,النساء,المائدة,المائدة,74.0,صفه
75aa657b-a623-48b4-a13d-c9b1f0487d51,7df8c8ef-c6cb-471e-98dc-a1b39ea1327f,2026-06-10,22.0,20.0,17.0,17.0,6,6,١٠٤,6,١٠٦,,2026-06-10 17:00:29.709635+00,1,6,,,6,١٠٢,0,false,,النساء,النساء,المائدة,76.0,صفه
7622b09e-3312-42c2-8fc5-9ba4e96d08ad,10338619-9be5-4f2b-9a68-4c8f80a5b479,2026-06-10,22.0,20.0,14.0,7.0,16,28,١٥ اية,28,٢٢,,2026-06-10 12:02:07.286723+00,,3,٠,٠,28,٩ اية,0,false,,المجادلة,المجادلة,المجادلة,63.0,صفه
76dc6d89-8cec-4ad2-a184-35034b0057de,36dd4f6e-8a1c-4ec2-99c5-6b5b2dc5f394,2026-07-31,22.0,23.0,15.0,0.0,16,30,40,29,40,,2026-07-31 12:21:53.626205+00,0,6,٠,٠,30,38,0,false,,النبأ,النبأ,الإنسان,60.0,سطر
7858e776-8c58-42f5-87e1-f5175ec85be4,d7f13603-e2ee-4a9c-8f00-780bc8ed9d4f,2026-07-24,25.0,26.0,10.0,10.0,5,30,40,30,40,,2026-07-24 12:27:18.712528+00,.٥,6,٠,٠,30,40,0,false,,النبأ,النبأ,النبأ,71.0,صفه
78ae0e13-16b8-4705-8b2e-0fe471caf1e4,88dc27aa-48f1-43ac-9100-b82d62e68570,2026-06-10,24.0,23.0,10.0,10.0,11,29,,29,4 اية,"Good ",2026-06-10 11:34:55.23591+00,,4,-,-,29,23 اية,0,false,,الجن,الجن,المعارج,67.0,صفه
793d9e89-2a64-41a3-944d-e3aaf113740f,d9e445fd-05c2-4b4b-bc83-fc356b093b72,2026-06-13,22.0,23.0,16.0,10.0,1,30,تمام,30,تمام,"Good ",2026-06-13 17:09:57.322398+00," 5 سطر",5,,,30,,0,false,,الفيل,الهمزة,البلد,71.0,صفه
7cecc1ab-6030-4be0-8317-8a51a4830259,780a051c-b387-48fb-9430-caf747aaefe5,2026-06-11,20.0,20.0,5.0,5.0,7,30,,30,14 اية,محنة ني ضرورة چهے,2026-06-11 12:31:02.929031+00,4 سطر,4,-,30,30,25 اية,0,false,,الانشقاق,المطففين,المطففين,50.0,صفه
7d126db0-4603-4b4e-82e1-b0b5984b2962,53991a31-3ba4-4e57-9bdf-8a3236feaf52,2026-06-10,22.0,14.0,10.0,5.0,21,29,١٥,29,٢٠,,2026-06-10 12:11:47.343773+00,,4,٠,نوح,29,٤,0,false,,المعارج,المعارج,المعارج,51.0,صفه
7e066a10-8743-413b-9e05-d71d9c29aa8a,2873a7f1-1599-477c-b5c0-f53639c7bfca,2026-07-17,22.0,16.0,20.0,15.0,4,19,357,20,401,احسنت ، بارك الله فيه,2026-07-17 13:13:41.10052+00,5,6,"30,10,17","6,7,8,9,11,12,13",18,352,0,false,,النور,النور,النمل,73.0,صفه
7eacd178-a238-4378-8b9b-d1888568f4e1,b07a3e89-70a3-4c74-a2b5-e530e210d095,2026-06-11,23.0,23.0,18.0,18.0,1,27,٥٤١,27,٥٣,,2026-06-11 13:42:53.856914+00,5,6,,,27,٥,0,false,,الواقعة,الرحمن,الواقعة,82.0,صفه
7fa8c4da-7eb5-41fa-933d-96c227839878,10338619-9be5-4f2b-9a68-4c8f80a5b479,2026-08-07,23.0,22.0,20.0,15.0,1,27,539,27,541,,2026-08-07 12:16:45.716739+00,15,4,٠,٠,27,,0,false,,الحديد,الحديد,الحديد,80.0,سطر 26-30
809b92c5-5042-4d26-b0cd-3d57895f287f,209a7cc0-b3c1-4bcb-8e09-441984bc81ac,2026-07-03,20.0,18.0,8.0,3.0,25,30,11,30,١٠اية,جيد,2026-07-03 12:30:41.115477+00," 2 lines",6,-,-,30,٢اية,0,false,,المطففين,المطففين,الانفطار,49.0,صفه
861141c4-a9e3-429b-905e-217baff83e2b,53991a31-3ba4-4e57-9bdf-8a3236feaf52,2026-07-17,20.0,15.0,12.0,5.0,17,29,5,29,10,,2026-07-17 12:28:54.163839+00,2,5,٠,.,29,40,0,false,,المعارج,الحاقة,القلم,52.0,صفه
86cc6e18-c1be-460a-b42e-67d803c05408,4fe800b2-b745-4cd4-8ed1-517b28dbe0e3,2026-07-25,23.0,22.4,15.0,4.0,8,30,598,30,597,Jadeed Surat Audio suni ne brabar mazboot hiifz karine aavu.,2026-07-25 04:11:33.263712+00,3,6,,,30,598,0,false,,البينة,البينة,البلد,64.4,صفه
86f09146-176f-4db1-89c6-7720493381a6,88dc27aa-48f1-43ac-9100-b82d62e68570,2026-07-04,22.0,21.0,9.0,9.0,3,29,28 اية,28,28 اية,jadeed ziyadah kari ne aawe,2026-07-04 04:15:25.237131+00,9 سطر,3,-,-,29,3 اية,0,false,,نوح,نوح,الصف,61.0,صفه
8a99edef-cbda-4aec-9b2b-3a0c73228fb9,7def9fa3-62f6-47a6-a71d-002a68c3df2a,2026-07-03,18.0,17.0,10.0,10.0,17,11,١٧,11,١٧,,2026-07-03 12:22:09.055777+00,2,4,"٤,٩,٢",١٠,11,١٥,0,false,,يونس,يونس,يونس,55.0,صفه
8b019d34-e860-41e5-b80f-7d19b85c3bb0,36dd4f6e-8a1c-4ec2-99c5-6b5b2dc5f394,2026-06-10,25.0,18.0,15.0,18.0,6,30,٥ اية,30,٥ اية,,2026-06-10 12:17:30.542378+00,,4,٠,٠,30,٣٦,0,false,,المطففين,الانفطار,الانفطار,76.0,صفه
8b39e333-8d82-4fdc-98c3-ffeb4eb06249,e95f830f-671d-4658-bba5-771eb0c6f6e6,2026-06-05,23.0,22.0,19.0,16.0,1,29,566,28,542,Good 👍,2026-06-05 12:54:01.962472+00,,6,29,,29,569,0,false,,المعارج,الحاقة,المجادلة,80.0,صفه
8c1b858b-82dd-4b41-91ff-d1d59df792ab,673b971a-4684-4fc2-a3d7-54abd83b8db1,2026-07-03,21.0,18.0,10.0,3.0,20,26,اية-٥٠,26,اية-١٠,,2026-07-03 15:12:21.452227+00,"5 ",4," -",-,26,,0,false,,القمر,القمر,النجم,52.0,صفه
8d5eba6c-8486-49c4-ab62-888c5e304acd,09b4a179-788b-4285-b8fd-40de0dc90153,2026-07-31,21.9,17.5,7.0,4.0,22,28,551,27,541,ziyadah ijtehad ni zarurat che,2026-07-31 11:59:32.602633+00,4,6,.,29,28,550,0,false,,الممتحنة,الحشر,الحديد,50.4,سطر
8e5b35a2-6652-4e30-8dc4-86e866241835,39d4794c-a9bb-438d-b5a5-77ef030d0336,2026-07-17,20.0,17.0,10.0,3.0,19,5,٢٠ ikhtebaqf,5,٢٠,جيد,2026-07-17 12:30:45.152266+00,1,5,30,4,5,20,0,false,,النساء,النساء,النساء,50.0,صفه
8ecd2cb2-5e02-435e-ba72-a7aac00345b4,0f23c938-cf37-41ad-8fd9-8fbd0ab9f133,2026-07-03,22.0,20.0,15.0,8.0,11,30,٣,30,٣,جيد,2026-07-03 13:58:46.754498+00,1,3,-,-,30,١٩ اية,0,false,,البروج,الطارق,الطارق,65.0,صفه
90683b72-bb76-4c1d-b280-edab8bd65004,43ad7291-43ff-49f7-8ae8-543a31eced80,2026-07-31,22.0,21.0,20.0,15.0,5,27,539,26,502,"Good ! ",2026-07-31 12:13:29.967913+00,15,4,30,28,28,537,0,false,,الحديد,الحديد,الأحقاف,78.0,سطر 26-30
91a9d84e-41b2-421e-b43e-b8c8fae41473,d7f13603-e2ee-4a9c-8f00-780bc8ed9d4f,2026-06-10,19.0,18.0,5.0,5.0,25,30,٢٠,30,٢٠,,2026-06-10 11:42:46.734662+00,,4,٠,٠,30,٨,0,false,,النبأ,النبأ,النبأ,47.0,صفه
94177f5e-9086-43b0-bbfe-1bf2c625001f,070d6330-cb79-40d6-a97d-81bace2defb9,2026-07-17,22.0,22.0,17.0,10.0,7,28,558,28," 554",,2026-07-17 13:20:18.466563+00,5 lines,6,,,28," 561",0,false,,التحريم,الطلاق,المنافقون,71.0,صفه
9450c256-73a6-42f8-8a83-c07a621478a6,e95f830f-671d-4658-bba5-771eb0c6f6e6,2026-07-25,21.5,23.0,18.0,8.0,2,29,566,28,542,Imkan Mutabiq jadeed audio suni ne aavu. Good 👍,2026-07-25 04:06:19.128606+00,"4 ",6,.,.,29,567,0,false,,الحاقة,الحاقة,المجادلة,70.5,سطر
95887a24-37f4-476a-8d26-89d6f8eaa3ca,c62422b7-2f93-40ad-88b1-f4eda82d94cd,2026-07-17,0.0,0.0,0.0,0.0,27,12,86,13,52,"Uzur
",2026-07-17 13:09:32.19251+00,-,0,-,-,12,43,0,false,,يوسف,يوسف,إبراهيم,0.0,صفه
959cc7a4-dfaa-466f-a106-62feafbd8028,c62422b7-2f93-40ad-88b1-f4eda82d94cd,2026-07-03,21.0,18.0,10.0,0.0,25,12,52,13,52,,2026-07-03 12:25:24.828134+00,5,6,"5,6,7","1,2,3,4",12,22,0,false,,يوسف,يوسف,إبراهيم,49.0,صفه
97a29f58-c621-486e-9728-78da6ad601f6,d7774296-2496-4d28-93b5-28b759f858a1,2026-07-11,0.0,0.0,0.0,0.0,23,29,,28,١٢ آية,Absenf,2026-07-11 11:58:14.973125+00,0,0,.,.,29,٤٦ آية,0,false,,القلم,القلم,الطلاق,0.0,صفه
97a3121e-8f56-466d-a71e-2c5efa80e8d5,21bf52b6-517f-4b7c-99db-befbdb7ac292,2026-07-31,22.0,19.0,15.0,11.0,10,27,15,26,55,good,2026-07-31 12:21:23.22572+00,"11 سطر ",5,-,29,27,6,0,false,,القمر,القمر,الطور,67.0,صفه
98ac8b27-507a-4205-b68a-fde919ae02d4,345c7dce-e212-4ed1-84b0-e5b1a678f090,2026-06-10,23.0,20.0,17.0,16.0,6,29,٢٣ اية,29,٣٠ اية,,2026-06-10 14:10:07.177221+00,2 lines,4,,,29,١٤ اية,0,false,,الحاقة,الحاقة,الحاقة,76.0,صفه
9b46b4fc-7298-4e0c-8dd6-b92ba39fc0ad,fe47c15c-4557-4d96-90b3-b66f6f12db2a,2026-06-10,23.0,18.0,7.0,10.0,18,26,١٨,26,١٠,,2026-06-10 12:21:00.520666+00,,4,٠,٠,26,١٤,0,false,,الحجرات,الحجرات,الفتح,58.0,صفه
9bb3d6de-820c-48a7-915d-382169069b44,0cc27a7a-a964-4e64-bc58-cdd65142cd7e,2026-07-03,24.0,22.0,20.0,10.0,3,29,٢٠,28,تمام,,2026-07-03 12:11:57.065722+00,2,3,.,٠,29,٥٢,0,false,,القلم,الملك,المجادلة,76.0,صفه
9c84cbaf-d099-42aa-8572-db4d2590d01e,37f5cde0-9ea5-4e0d-a394-58c8c773cddc,2026-06-11,20.0,20.0,2.0,2.0,8,29,,29,22 اية,محنة ني ضرورة چهے,2026-06-11 12:30:39.514117+00,3 سطر,4,-,-,29,41اية,0,false,,نوح,نوح,الحاقة,44.0,صفه
9d3d7705-6501-485a-8b8f-113e8c604d5e,d58f7913-f0fc-4ddb-ae31-02c8b7d8bdc2,2026-06-10,16.0,13.0,8.0,9.0,27,29,اية-١٥,29,اية-٢٥,,2026-06-10 12:19:22.007992+00,١.٥,3,-,-,29,"اية-٤٠ ",0,false,,الحاقة,القلم,القلم,46.0,صفه
9e20834a-1545-44ce-bc73-7ed1471d8edd,0cc27a7a-a964-4e64-bc58-cdd65142cd7e,2026-07-04,24.0,22.0,20.0,10.0,1,29,٢٠,28,تمام,,2026-07-04 06:03:26.358987+00,2,3,.,٠,29,٥٢,0,false,,القلم,الملك,المجادلة,76.0,صفه
9f43ff6f-30f7-48f2-a8c6-0be71c270a44,11d7483f-dcd1-4e65-b35e-922401c98345,2026-07-17,20.3,22.0,5.0,3.0,18,12,7,14,20,mehnat ni zarurat che,2026-07-17 11:50:03.039065+00,1,3,"2,5,6,7,","10,8,1",12,2,0,false,,هود,هود,النحل,50.3,صفه
9f5ea907-3143-4518-b6f3-e9b3adc4a16b,e95f830f-671d-4658-bba5-771eb0c6f6e6,2026-07-03,23.5,22.6,15.0,4.0,10,29,568,28,542,Good 👍,2026-07-03 08:42:47.78092+00,2 سطر,3,29,,29,566,0,false,,الحاقة,الحاقة,المجادلة,65.1,صفه
a02a62d9-e678-45c6-8684-753d9efe660c,673b971a-4684-4fc2-a3d7-54abd83b8db1,2026-07-25,15.0,17.0,12.0,9.0,15,26,528,26,523,,2026-07-25 04:28:08.587753+00," 1",6," -",-,27,527,0,false,,النجم,النجم,الطور,53.0,صفه
a0363537-078b-4979-b816-fdd2b57b724d,a0b86790-02d5-4d0a-ae4a-81bf20d44d1b,2026-07-03,22.0,20.0,15.0,20.0,2,11,18,12,20,Good,2026-07-03 12:32:58.615771+00,5,4,"5,30,8",10,11,13,0,false,,يونس,يونس,يونس,77.0,صفه
a0486a60-53ce-40d6-8868-68cdddd55158,fe47c15c-4557-4d96-90b3-b66f6f12db2a,2026-07-25,24.0,15.0,14.0,10.0,9,26,19,26,35,,2026-07-25 06:34:30.544652+00,1,6,٠,٠,26,11,0,false,,محمد,محمد,محمد,63.0,صفه
a0853ce6-b782-4676-a00a-7eeeb587325e,7def9fa3-62f6-47a6-a71d-002a68c3df2a,2026-06-10,22.0,18.0,20.0,20.0,4,11,١٧,11,١٧,,2026-06-10 11:53:16.785706+00,0,4,"4,7,30",6,11,١٣,0,false,,يونس,يونس,يونس,80.0,صفه
a177466f-219c-4936-a568-e5973120c6ae,88dc27aa-48f1-43ac-9100-b82d62e68570,2026-08-07,24.3,22.5,7.0,5.0,4,29,568,28,551,jadeed ziyadah kari ne aawe,2026-08-07 12:08:41.864679+00,5,5,-,-,29,568,0,false,,نوح,المعارج,الصف,58.8,سطر 26-30
a279516e-5244-46cb-8704-735f7bbdebfa,7df8c8ef-c6cb-471e-98dc-a1b39ea1327f,2026-07-03,20.0,22.0,17.0,17.0,3,6,107,6,119,,2026-07-03 13:06:30.567968+00,2,4,,,6,105,0,false,,النساء,المائدة,المائدة,76.0,صفه
a3ad5531-4f18-43b1-8597-557c4c910fc8,fe47c15c-4557-4d96-90b3-b66f6f12db2a,2026-07-20,22.0,18.0,10.0,12.0,1,26,5,26,15,,2026-07-20 06:01:03.876505+00,1,6,٠,٠,26,21,0,false,,الفتح,محمد,محمد,62.0,صفه
a3d923a7-5972-436c-919b-cc4ec436e6e4,9dda1944-b1ca-4e37-a20d-0906edc48e79,2026-08-03,0.0,0.0,0.0,2.0,1,30,583,30,580,,2026-08-03 05:38:32.136327+00,1,0,.,.,30,585,0,false,,عبس,النازعات,المرسلات,2.0,سطر
a55499bd-0084-41e8-9fc9-f7753413d663,13687291-5761-44ff-8c59-f46e6b03b8b9,2026-07-11,16.0,16.0,2.0,4.0,22,28,558,28,542,,2026-07-11 12:21:56.590663+00,4 Lines,4,-,-,28,558,0,false,,الطلاق,الطلاق,المجادلة,38.0,صفه
a55c1353-fc98-40a4-854f-d710a61de9ff,673b971a-4684-4fc2-a3d7-54abd83b8db1,2026-07-17,0.0,0.0,0.0,0.0,27,26,اية-٣٠,26,اية-١,,2026-07-17 13:54:44.84836+00," 0",0," -",-,27,اية١,0,false,,النجم,النجم,الطور,0.0,صفه
a6571f70-5baf-4f37-ae76-7b4becaa1bb1,37f5cde0-9ea5-4e0d-a394-58c8c773cddc,2026-06-10,20.0,20.0,2.0,2.0,29,29,,29,22 اية,محنة ني ضرورة چهے,2026-06-10 11:54:18.684282+00,,4,-,-,29,41اية,0,false,,نوح,نوح,الحاقة,44.0,صفه
a7202302-cbb1-413f-b091-ee342eeab03e,36dd4f6e-8a1c-4ec2-99c5-6b5b2dc5f394,2026-07-17,17.0,22.0,7.0,7.0,16,30,20,30,40,,2026-07-17 12:26:22.79903+00,7 satar,6,٠,٠,30,35,0,false,,النازعات,النبأ,النبأ,53.0,صفه
a73fc1c2-a255-49b1-ba95-190fc8a2e5df,09b4a179-788b-4285-b8fd-40de0dc90153,2026-07-25,21.9,21.6,15.0,9.0,6,28,551,27,541,ziyadah ijtehad ni zarurat che,2026-07-25 03:43:41.988007+00,9,6,.,29,28,549,0,false,,الممتحنة,الحشر,الحديد,67.5,سطر
a7892329-ba2a-499e-9046-a5d8ae663e07,070d6330-cb79-40d6-a97d-81bace2defb9,2026-07-03,22.0,22.0,15.0,0.0,15,28,561,28," 554",,2026-07-03 13:35:34.361637+00,0,3,,,28," 560",0,false,,التحريم,التحريم,المنافقون,59.0,صفه
a8a882c5-e134-462d-a3ea-4752966bb66f,09b4a179-788b-4285-b8fd-40de0dc90153,2026-07-11,22.0,17.5,9.0,9.0,11,28,551,27,541,ziyadah ijtehad ni zarurat che,2026-07-11 11:57:25.098969+00,9 سطر,6,.,29,28,549,0,false,,الممتحنة,الحشر,الحديد,57.5,صفه
aa91f021-1d77-4bf2-856a-ad75bedefb7c,7d1a633e-2123-47b4-8267-ecf262857dc3,2026-07-25,22.0,22.0,14.0,12.0,3,30,599,30,598,"Good
",2026-07-25 06:17:02.072201+00,6,6,-,-,30,601,0,false,,الهمزة,الزلزلة,القدر,70.0,سطر
ab203f75-d2fb-4df6-bda5-3dc5db19fa35,302af2cb-86c3-4463-b633-0d84a105c022,2026-07-11,18.0,15.0,5.0,2.0,21,30,٢٥,30,تمام,Murjaat mazboot krwu and jadeed krine aawu,2026-07-11 11:47:16.104438+00," ٣ سطر ",5,٠,٠,30,١٤,0,false,,النبأ,النبأ,النبأ,40.0,صفه
ac9551a1-d87a-4591-aff9-e97325901d04,13687291-5761-44ff-8c59-f46e6b03b8b9,2026-07-25,24.0,19.0,10.0,7.0,11,28,554,28,542,,2026-07-25 10:49:12.487553+00,5,6,-,-,28,557,0,false,,التغابن,الطلاق,المجادلة,60.0,سطر
ad4002f8-7896-4eda-b07d-e3de47d16b0e,9536fa54-1bd3-42c4-908e-6ff55c77b7ae,2026-07-03,24.0,24.0,18.0,4.0,7,30,46 اية,30,40 اية,! احسنتِ,2026-07-03 13:23:28.637104+00,2 سطر,4,-,-,30,583,0,false,,النازعات,النازعات,النبأ,70.0,صفه
ad65eccb-c10f-42ca-9248-7e7481d465b0,7def9fa3-62f6-47a6-a71d-002a68c3df2a,2026-07-17,16.0,12.0,10.0,10.0,20,11,5,12,20,,2026-07-17 12:23:20.849119+00,2,6,"1,2,4,5,6","3,7,8",11,97,0,false,,يونس,هود,هود,48.0,صفه
b0a567be-bb96-49d9-938d-e880a8f559d5,43ad7291-43ff-49f7-8ae8-543a31eced80,2026-07-24,20.0,19.0,15.0,0.0,14,28,٢٢ آية,26,,"Good ! ",2026-07-24 12:09:49.635984+00,0,5,0,"28,29",28,٢٢  آية,0,false,,الممتحنة,المجادلة,الأحقاف,54.0,صفه
b0b08446-b825-4a49-a931-9693494b7997,d7f13603-e2ee-4a9c-8f00-780bc8ed9d4f,2026-07-03,25.0,20.0,5.0,5.0,17,30,30,30,30,,2026-07-03 12:08:19.152565+00,.٥,6,٠,٠,30,,0,false,,النبأ,النبأ,النبأ,55.0,صفه
b1239077-9085-4ad1-85cc-f439e83e5c56,e95f830f-671d-4658-bba5-771eb0c6f6e6,2026-07-31,23.0,22.5,18.0,10.0,7,29,564,28,542,Imkan Mutabiq jadeed audio suni ne aavu. Good 👍,2026-07-31 13:14:31.353028+00,5,6,.,.,29,568,0,false,,الحاقة,الحاقة,المجادلة,73.5,سطر
b22d8971-db83-4c16-9182-2a217ff1f50c,39d4794c-a9bb-438d-b5a5-77ef030d0336,2026-07-03,20.0,17.0,10.0,4.0,22,5,٢٠,5,٢٠,جيد,2026-07-03 16:47:21.14717+00,1,4,30,4,5,١٩,0,false,,النساء,النساء,النساء,51.0,صفه
b246bfb9-af6d-4fa1-9a4c-7b1c76dc34ae,070d6330-cb79-40d6-a97d-81bace2defb9,2026-07-11,23.0,22.0,17.0,10.0,4,28,561,28," 554",,2026-07-11 12:06:32.41133+00,2 lines,3,,,28," 560",0,false,,التحريم,التحريم,المنافقون,72.0,صفه
b24ba96b-8c43-4ef6-8a90-e2fefe9ec35c,a1cb1b17-d8a2-4cf0-9bab-bb73c92977df,2026-05-23,15.0,15.0,18.0,10.0,6,27,,,,,2026-05-23 15:20:18.490571+00,2,6,-,-,27,,1,false,,الطور,الطور,,58.0,صفه
b78d99bd-b9c1-4653-941c-ce54a8c12c9e,0cc27a7a-a964-4e64-bc58-cdd65142cd7e,2026-07-11,18.0,22.0,7.0,10.0,12,29,٣٥,28,تمام,,2026-07-11 11:25:26.647806+00,10,5,0,0,29,١8,0,false,,الملك,الملك,المجادلة,57.0,صفه
b8943998-242f-47dd-912e-08b0755c02fb,665f5d37-4a0f-4811-b223-415f0154d022,2026-07-03,22.0,20.0,10.0,0.0,20,28,٢٢ اية,27,,,2026-07-03 12:27:42.427185+00,0,3,٠,٠,28,٢٢ اية,0,false,,المجادلة,المجادلة,الحديد,52.0,صفه
b8dec7ce-6f67-41a4-b188-1e860443d0f9,06396a54-2570-402d-b22c-5340828bdaed,2026-07-24,23.0,22.6,20.0,20.0,1,13,261,15,301,"Amazing performance 👏 ",2026-07-24 13:21:08.895781+00,6,6,-,-,13,255,0,false,,الرعد,إبراهيم,الكهف,85.6,صفه 6-25
b975ca72-7a39-49db-96e3-68f7163118bb,345c7dce-e212-4ed1-84b0-e5b1a678f090,2026-07-03,9.0,6.0,5.0,5.0,33,29,٢٣ اية,29," 565",,2026-07-03 13:01:10.364474+00,2 سطر,1,,,29,567,0,false,,الحاقة,الحاقة,القلم,25.0,صفه
baefba50-7b1e-42b8-b87f-89f8aa200418,d7f13603-e2ee-4a9c-8f00-780bc8ed9d4f,2026-07-17,25.0,24.0,5.0,5.0,12,30,40,30,40,,2026-07-17 12:26:53.032405+00,.٥,6,٠,٠,30,40,0,false,,النبأ,النبأ,النبأ,59.0,صفه
bd0ef5aa-49b5-4f4e-a8f0-52c59890ee32,4fe800b2-b745-4cd4-8ed1-517b28dbe0e3,2026-07-31,23.0,22.4,15.0,4.0,13,30,596,30,589,Jadeed Surat Audio suni ne brabar mazboot hiifz karine aavu.,2026-07-31 14:47:26.59269+00,3,6,,,30,597,0,false,,القدر,البينة,البلد,64.4,صفه
bd900ac7-14c3-4e09-80df-43cd1538410d,09b4a179-788b-4285-b8fd-40de0dc90153,2026-08-07,21.5,20.5,8.0,8.0,5,28,549,,542,"jadeed baraber si kari ne aawe, murajah juzhali mazbut kare, tilawat saaf alfaz ma adaa kare",2026-08-07 11:48:07.987987+00,8,6,-,29,28,550,0,false,,الممتحنة,الممتحنة,المجادلة,58.0,سطر 26-30
be47f8f1-03d0-42cd-a70c-536aca32417d,43ad7291-43ff-49f7-8ae8-543a31eced80,2026-07-11,20.0,20.0,15.0,0.0,14,28,٢٢ آية,26,,Good !,2026-07-11 11:57:08.946459+00,0,2,0,"29,28",28,٢٢  آية,0,false,,الممتحنة,المجادلة,الأحقاف,55.0,صفه
bf9ee024-09f6-4bcf-b4be-49f2d0c9abcb,06396a54-2570-402d-b22c-5340828bdaed,2026-07-12,24.5,23.9,20.0,20.0,1,13,249,15,301,"Amazing performance 👏 ",2026-07-12 06:59:33.929095+00,6,0,-,-,13,243,0,false,,يوسف,الرعد,الكهف,88.4,صفه
c090962c-0b64-4e1e-a1ab-c0fab3fc078e,88dc27aa-48f1-43ac-9100-b82d62e68570,2026-07-24,23.0,22.5,7.0,6.0,10,29,569,28,552,jadeed ziyadah kari ne aawe,2026-07-24 11:22:20.876034+00,6,3,-,-,29,571,0,false,,نوح,نوح,الصف,58.5,صفه
c0c2c5a6-0cf3-4454-a9e1-68c4858407a5,520f5eeb-8c18-461e-b051-3cdb6f72f5e9,2026-07-24,19.0,18.0,10.0,8.0,13,2,11,3,20,Good,2026-07-24 12:10:32.85896+00,2,6,"28,30,29","26,1,",2,8,0,false,,البقرة,البقرة,النساء,55.0,صفه
c0f3df51-a50b-47b8-bf91-5cad45400acc,cfd7fb59-e915-4e53-b3da-f32846e27d6f,2026-07-24,12.0,12.0,10.0,10.0,19,28,اية-8,28,اية-1,,2026-07-24 13:04:47.075445+00,4 lines,5,-,-,29,اية-6,0,false,,التحريم,التحريم,الطلاق,44.0,صفه
c20b05d1-a945-4e54-91b9-6fb84d8a151b,b07a3e89-70a3-4c74-a2b5-e530e210d095,2026-07-03,15.0,23.0,15.0,20.0,5,27,533,27,524,,2026-07-03 12:59:47.699918+00,5,4,,,27,537,0,false,,الواقعة,الرحمن,الطور,73.0,صفه
c21b248d-b75c-4f9c-9700-01f4474ca922,3daa574d-1f97-45e2-a1e0-eebf7d4ce848,2026-07-04,22.0,22.0,15.0,3.0,2,30,"تمام ",30,تمام,,2026-07-04 15:47:16.087339+00,٥ سطر,4,.,.,30,٥,0,false,,البينة,البينة,الفجر,62.0,صفه
c3870c53-e72d-4a8f-8c5d-bf39a51dce82,001c967a-f06c-4062-a6ba-d550c6ec4e2b,2026-07-17,0.0,0.0,0.0,0.0,27,,,,,,2026-07-17 14:25:37.178105+00,-,0,,,,,0,false,,,,,0.0,صفه
c4502ceb-b09a-4043-8a2d-b7239a8f3ed6,fe47c15c-4557-4d96-90b3-b66f6f12db2a,2026-07-03,22.0,17.0,20.0,12.0,6,26,20,26,29,,2026-07-03 12:30:57.554666+00,2,4,٠,٠,26,15,0,false,,الفتح,الفتح,الفتح,71.0,صفه
c66bfac4-c7fa-4fc6-90bd-360e08e58ab4,070d6330-cb79-40d6-a97d-81bace2defb9,2026-07-31,22.0,24.0,17.0,0.0,14,28,559,28," 554",,2026-07-31 10:59:00.166128+00,0 lines,6,,,28," 558",0,false,,الطلاق,الطلاق,المنافقون,63.0,صفه
c829beaa-d750-4db3-b8aa-3593dbc6051f,d696341d-00ef-4ffb-b712-eba1c0cc4bf8,2026-07-03,20.0,17.0,10.0,10.0,16,29,٥٢,29,٥٢,,2026-07-03 12:03:27.404097+00,١.٥,3,0,0,29,٢٥,0,false,,الحاقة,الحاقة,الحاقة,57.0,صفه
c88f8e2f-c25f-4900-845c-153ccbed35ea,09b4a179-788b-4285-b8fd-40de0dc90153,2026-07-24,22.0,17.5,9.0,9.0,11,28,551,27,541,ziyadah ijtehad ni zarurat che,2026-07-24 13:10:47.406912+00,9,6,.,29,28,549,0,false,,الممتحنة,الحشر,الحديد,57.5,صفه
c94738a7-fbed-4aeb-aba9-ad18de45daab,10338619-9be5-4f2b-9a68-4c8f80a5b479,2026-07-17,15.0,15.0,7.0,0.0,25,28,22 اية,28,٢٢,,2026-07-17 12:27:42.945198+00,.,5,٠,٠,28,22 اية,0,false,,المجادلة,المجادلة,المجادلة,37.0,صفه
caa19566-06ad-4d02-a87a-80c2ae0c1011,0cc27a7a-a964-4e64-bc58-cdd65142cd7e,2026-07-31,22.0,20.0,7.0,10.0,17,29,15,28,تمام,,2026-07-31 12:23:24.918885+00,5,5,0,mulk,29,3,0,false,,التحريم,التحريم,المجادلة,59.0,سطر
cb908881-554e-4abb-be22-7bbe932c1dd7,9536fa54-1bd3-42c4-908e-6ff55c77b7ae,2026-07-24,23.0,24.5,15.0,8.0,7,30,583,30,582,! احسنتِ,2026-07-24 15:35:10.030912+00,4سطر,4,-,-,30,583,0,false,,النازعات,النازعات,النبأ,70.5,صفه
cb969a21-d1ae-4dfa-a117-9084f520da3e,36dd4f6e-8a1c-4ec2-99c5-6b5b2dc5f394,2026-07-03,18.0,20.0,17.0,14.0,8,30,25 اية,30,30 اية,,2026-07-03 12:28:18.426359+00,1,4,٠,٠,30,29,0,false,,التكوير,عبس,النبأ,69.0,صفه
ccd43d0d-19a7-465d-a94d-200c5bf02150,302af2cb-86c3-4463-b633-0d84a105c022,2026-07-03,18.0,15.0,5.0,0.0,31,30,٢٠,30,تمام,,2026-07-03 12:18:24.280253+00," . ",4,٠,٠,30,٤٦,0,false,,النازعات,النبأ,النبأ,38.0,صفه
cdcd0ac5-a49f-4ff1-97e5-e000ad676bbb,070d6330-cb79-40d6-a97d-81bace2defb9,2026-07-24,22.0,22.0,17.0,10.0,5,28,558,28," 554",,2026-07-24 14:15:28.497578+00,5 lines,5,,,28," 561",0,false,,التحريم,الطلاق,المنافقون,71.0,صفه
cde0bc5c-0074-4942-bfed-0b631038dd2a,3daa574d-1f97-45e2-a1e0-eebf7d4ce848,2026-07-03,21.0,21.0,15.0,3.0,14,30,"تمام ",30,تمام,,2026-07-03 12:16:24.278431+00,٥ سطر,4,.,.,30,٥,0,false,,البينة,البينة,الفجر,60.0,صفه
cf2a4dbc-d67d-43e8-8af3-04caa50ef797,2873a7f1-1599-477c-b5c0-f53639c7bfca,2026-07-03,20.0,22.0,20.0,18.0,1,17,10,17,20,احسنت ، بارك الله فيه,2026-07-03 12:38:28.199333+00,6,6,-,"1,2,3,5,6,9,11,13,15,16",17,4,0,false,,الأنبياء,الأنبياء,الأنبياء,80.0,صفه
cf453283-d58d-46f9-9788-9241236f70d5,665f5d37-4a0f-4811-b223-415f0154d022,2026-07-25,21.0,15.0,10.0,0.0,16,28,٢٢ اية,27,,,2026-07-25 11:05:49.599272+00,0,4,٠,٠,28,٢٢ اية,0,false,,المجادلة,المجادلة,الحديد,46.0,صفه
d184b501-c89a-4a5e-b93a-46401538649c,11d7483f-dcd1-4e65-b35e-922401c98345,2026-06-10,22.0,20.0,20.0,20.0,2,11,5,11,27 اية,,2026-06-10 12:01:07.87578+00,4,4,-,"30,4,9,10",11,17,0,false,,,يونس,,82.0,صفه
d324746d-c512-445e-88c5-7738bee6d64d,9536fa54-1bd3-42c4-908e-6ff55c77b7ae,2026-07-17,24.0,23.2,17.0,8.0,5,30,583,30,582,! احسنتِ,2026-07-17 12:15:43.721554+00,4سطر,4,-,-,30,583,0,false,,النازعات,النازعات,النبأ,72.2,صفه
d34d68bc-a036-43be-b00a-c8d8957c4399,11d7483f-dcd1-4e65-b35e-922401c98345,2026-07-24,20.3,18.0,5.0,3.0,18,12,228,14,281,mehnat ni zarurat che,2026-07-24 12:56:11.029336+00,.,3,"2,5,6,7,9","10,8,1",12,223,0,false,,هود,هود,النحل,46.3,صفه
d46a2c79-1462-4c09-8cd6-a0648244dc80,a1cb1b17-d8a2-4cf0-9bab-bb73c92977df,2026-06-10,18.0,15.0,10.0,4.0,25,26,٥٠,26,تمام,,2026-06-10 11:44:45.812824+00,٩ سطر,6,٢٧,-,26,٤٥,0,false,,الذاريات,الذاريات,الذاريات,47.0,صفه
d5102109-27f0-418b-b165-ff363905ef78,9536fa54-1bd3-42c4-908e-6ff55c77b7ae,2026-07-25,23.0,24.5,18.0,3.0,4,30,583,30,582,! احسنتِ,2026-07-25 04:09:04.835016+00,6,6,-,-,30,584,0,false,,النازعات,النازعات,النبأ,68.5,سطر
d555f372-e87b-4604-b2d0-3b2bc365cfaf,11522d65-14c7-48dd-a9ce-5a399b7dba62,2026-07-25,24.0,24.5,18.0,10.0,1,29,575,29,562,"Tilawat Slow ane Baland avaz si karvu. ",2026-07-25 04:12:50.080177+00,0,4,.,.,29,577,0,false,,القيامة,المدثر,الملك,76.5,صفه
d6544b98-858e-424d-aa2f-efdbb3152be3,39d4794c-a9bb-438d-b5a5-77ef030d0336,2026-06-10,0.0,0.0,0.0,0.0,33,5,٢٠,5,٢٠,جيد,2026-06-10 12:32:12.737239+00,0,0,-,-,5,١٩,0,false,,النساء,النساء,النساء,0.0,صفه
d6cafbc9-085d-4e2e-a095-15932664bde2,302af2cb-86c3-4463-b633-0d84a105c022,2026-06-10,18.0,15.0,10.0,3.0,27,30,"تمام ",30,تمام,,2026-06-10 11:52:55.47373+00,٥ سطر,6,٠,٠,30,٣٥,0,false,,النازعات,النازعات,النبأ,46.0,صفه
d740ed22-0556-4f25-91fa-acec213f56bc,520f5eeb-8c18-461e-b051-3cdb6f72f5e9,2026-08-07,20.0,21.0,15.0,0.0,6,2,32,3,61,Good,2026-08-07 11:57:52.422195+00,,4,"28,,29,1","26,27,29",2,8,0,false,,البقرة,البقرة,النساء,56.0,صفه
dc9fdd1f-edad-4227-8a9e-8544bf17c09a,345c7dce-e212-4ed1-84b0-e5b1a678f090,2026-07-11,15.0,17.0,5.0,5.0,20,29,٢٣ اية,29," 565",,2026-07-11 12:11:38.127021+00,2 سطر,3,,,29,567,0,false,,الحاقة,الحاقة,القلم,42.0,صفه
de72197a-d4fc-46f1-a130-b1e299a63623,2873a7f1-1599-477c-b5c0-f53639c7bfca,2026-07-11,18.9,17.7,20.0,15.0,6,17,10,20,401,احسنت ، بارك الله فيه,2026-07-11 12:03:01.314626+00,5,6,"2,16","3,6,9,10,12,13,14,15,17,",20,45,0,false,,العنكبوت,الأنبياء,النمل,71.6,صفه
e0b897ca-7760-463d-9802-3774fee321d0,a0b86790-02d5-4d0a-ae4a-81bf20d44d1b,2026-07-17,22.0,21.0,20.0,9.0,6,11,20,12,20,Good!,2026-07-17 12:25:18.847195+00,3,5,"2,9,3,30,4","6,",11,15,0,false,,يونس,يونس,يونس,72.0,صفه
e15a8c59-7981-4f84-9f49-7f3290fe2756,13687291-5761-44ff-8c59-f46e6b03b8b9,2026-08-07,14.8,12.6,7.0,8.0,9,28,554,28,542,,2026-08-07 11:30:40.941868+00,8,5,-,-,28,557,0,false,,المنافقون,المنافقون,المجادلة,42.4,سطر 26-30
e183d0f8-5410-4d60-859f-5298c5da191d,53991a31-3ba4-4e57-9bdf-8a3236feaf52,2026-07-03,17.0,19.0,10.0,5.0,22,29,١٥,29,٢٠,,2026-07-03 12:33:05.012764+00,,4,٠,نوح,29,٤,0,false,,المعارج,المعارج,المعارج,51.0,صفه
e1ed4ca5-4aef-4132-bd48-5bf98f49dd57,11d7483f-dcd1-4e65-b35e-922401c98345,2026-07-11,22.0,20.0,5.0,3.0,15,12,6,14,20,mehnat ni zarurat che,2026-07-11 11:47:11.081557+00,1,5,-,"10,2,7,8,6",12,1,0,false,,هود,هود,النحل,50.0,صفه
e298166e-5964-4cbd-8284-d443ec46826c,36dd4f6e-8a1c-4ec2-99c5-6b5b2dc5f394,2026-07-25,20.0,22.0,14.0,10.0,7,30,40,30,40,,2026-07-25 10:58:50.592756+00,10,6,٠,٠,30,38,0,false,,النبأ,النبأ,النبأ,66.0,صفه
e2d8cb83-fe40-4bd2-8591-c35f3a176f88,11d7483f-dcd1-4e65-b35e-922401c98345,2026-08-07,20.3,20.7,5.0,8.0,7,12,230,14,281,"mehnat ni zarurat che, cycle na hisab si murajah na sipara leta nathi",2026-08-07 12:19:29.20437+00,2,6,"2,5,7","6,11,8,4,9",12,226,0,false,,هود,هود,النحل,54.0,صفه 6-25
e348df10-40e3-45de-a37c-72950c52e9d6,11d7483f-dcd1-4e65-b35e-922401c98345,2026-07-03,24.0,19.0,5.0,0.0,27,11,5,14,20,احسنت,2026-07-03 12:02:07.686191+00,0,4,-,"3,1,10",11,20,0,false,,هود,هود,النحل,48.0,صفه
e3b556ef-7ca8-4c5a-a2d0-cef16f738bfd,11d7483f-dcd1-4e65-b35e-922401c98345,2026-07-31,20.3,20.7,5.0,8.0,20,12,230,14,281,mehnat ni zarurat che,2026-07-31 11:36:36.713324+00,2,6,"2,5,7","6,11,8,4,9",12,226,0,false,,هود,هود,النحل,54.0,صفه 6-25
e767a857-60b8-4cbf-b793-48819dcbc7a6,e95f830f-671d-4658-bba5-771eb0c6f6e6,2026-05-24,24.0,23.0,18.0,6.0,1,29,566,28,542,Good 👍,2026-05-24 12:51:55.457887+00,,6,29,,29,569,0,false,,المعارج,الحاقة,المجادلة,71.0,صفه
ea322079-e8ce-4646-b823-b7066d776aaa,2671cea9-346d-442e-b4dc-03403e8468d2,2026-07-03,10.0,10.0,5.0,5.0,32,27,٥٠,27,٥٠,,2026-07-03 12:02:33.963124+00,,3,٢٨,"٣٠,٢٩",27,٣٥,0,false,,القمر,القمر,القمر,30.0,صفه
ea57ec87-25bf-4a5b-984b-1c2333276dae,4fe800b2-b745-4cd4-8ed1-517b28dbe0e3,2026-07-11,22.0,21.0,15.0,8.0,7,30,تمام,30,تمام,Jadeed Surat Audio suni ne brabar mazboot hiifz karine aavu.,2026-07-11 11:35:43.546111+00,4 سطر,5,,,30,598,0,false,,البينة,البينة,البلد,66.0,صفه
ebef45d2-d3a6-44ea-ba8d-520da3d70920,2671cea9-346d-442e-b4dc-03403e8468d2,2026-07-11,18.0,17.0,5.0,5.0,19,27,50,27,50,,2026-07-11 11:55:32.424251+00,0,5,0,28,27,40,0,false,,القمر,القمر,القمر,45.0,صفه
edf42062-aaa2-4476-8cfa-0bf5ddbfb265,21bf52b6-517f-4b7c-99db-befbdb7ac292,2026-07-17,22.0,19.0,11.0,11.0,10,27,67 اية,26,29 اية,good,2026-07-17 12:29:54.983689+00,"11 سطر ",1,-,29,27,53 اية,0,false,,الرحمن,الرحمن,الفتح,63.0,صفه
ee8a86d0-6bfb-4896-b2be-25b918ed940e,fa28fa15-f268-465b-a872-1159426d72a3,2026-06-10,15.0,16.0,10.0,10.0,21,,,,,,2026-06-10 12:02:39.095804+00,١.٥,3,,,,,0,false,,,,,51.0,صفه
f0999737-89e2-48b4-97bf-8e676fc82faf,302af2cb-86c3-4463-b633-0d84a105c022,2026-08-01,20.0,22.0,15.0,18.0,2,30,ohbat,30,تمام,Murjaat mazboot krvu,2026-08-01 06:01:15.646892+00," 7 lines",6,0,0,30,583,0,false,,النبأ,النبأ,النبأ,75.0,صفه
f0a9ad22-268f-4d0a-ada2-1a5ed0eaf025,97abc227-00d8-4dd9-ae5d-109f1b7ee850,2026-07-25,22.0,22.0,15.0,9.0,5,28,554,28,551,,2026-07-25 05:37:24.230651+00,1,5,,,28,556,0,false,,التغابن,المنافقون,الصف,68.0,صفه
f0ebaa26-28e1-451a-a7e6-a3501b0b8d55,a1cb1b17-d8a2-4cf0-9bab-bb73c92977df,2026-07-17,22.8,21.6,20.0,9.0,3,26,٣٥,26,تمام,good,2026-07-17 11:43:59.353088+00,9,5,28,.,26,"13 ",0,false,,ق,ق,الأحقاف,73.4,صفه
f1160d8b-76b6-49c8-b972-f5c06b8b834d,fe47c15c-4557-4d96-90b3-b66f6f12db2a,2026-07-31,20.0,18.0,7.0,7.0,21,26,19,26,35,,2026-07-31 12:22:48.981294+00,7,6,٠,٠,26,11,0,false,,محمد,محمد,محمد,52.0,سطر
f2b3e577-e2d5-4a44-b0f2-1801097064a8,a1cb1b17-d8a2-4cf0-9bab-bb73c92977df,2026-07-25,19.8,18.0,10.0,6.0,14,26,520,26,تمام,good,2026-07-25 03:47:18.693939+00,6,4,28,29,26,519,0,false,,ق,ق,الأحقاف,53.8,صفه
f5145ad6-6fb1-4c8a-8441-b2ad6b622d0d,302af2cb-86c3-4463-b633-0d84a105c022,2026-07-31,20.0,22.0,15.0,28.0,1,30,ohbat,30,تمام,Murjaat mazboot krvu,2026-07-31 10:55:36.07834+00," 7 lines",6,0,0,30,583,0,false,,النبأ,النبأ,النبأ,85.0,صفه
f6fd9039-561f-4a6f-8b1a-a5fa3d947a8d,9536fa54-1bd3-42c4-908e-6ff55c77b7ae,2026-05-23,24.0,24.0,18.0,6.0,3,30,5 اية,30,20,! احسنتِ,2026-05-23 15:11:14.830467+00,,6,-,-,30,١٥,4,true,2026-05-23 15:16:32.614+00,التكوير,عبس,النبأ,72.0,صفه
f86500b0-d13a-45f7-92fb-0c22401735ba,d696341d-00ef-4ffb-b712-eba1c0cc4bf8,2026-07-11,28.0,25.0,20.0,20.0,1,28,5,28,10,,2026-07-11 12:20:30.200797+00,1.5,6,0,0,29,13,0,false,,الملك,الطلاق,الطلاق,93.0,صفه
f8e5e89c-7a01-4a91-8e53-dc4f221f825b,13687291-5761-44ff-8c59-f46e6b03b8b9,2026-07-03,20.0,20.0,5.0,6.0,22,28,559,28,542,,2026-07-03 12:35:41.17632+00,-,5,-,-,28,558,0,false,,الطلاق,,المجادلة,51.0,صفه
f9ef6911-6b1b-48d8-9e85-61b54d7c9090,209a7cc0-b3c1-4bcb-8e09-441984bc81ac,2026-06-10,15.0,14.0,8.0,0.0,31,30,٧,30,١٠اية,جيد,2026-06-10 11:29:28.207856+00,0,3,-,-,30,٢اية,0,false,,المطففين,المطففين,الانفطار,37.0,صفه
fc2c9f11-1420-4617-9c89-3a330dc71967,e95f830f-671d-4658-bba5-771eb0c6f6e6,2026-07-12,22.8,21.6,18.0,6.0,3,29,568,28,542,Good 👍,2026-07-12 06:57:24.10253+00,3 سطر,4,29,,29,566,0,false,,الحاقة,الحاقة,المجادلة,68.4,صفه
fc43ade3-9922-4204-95ef-25675e7bdd3e,7def9fa3-62f6-47a6-a71d-002a68c3df2a,2026-07-11,15.0,15.0,10.0,10.0,15,11,5,12,20,,2026-07-11 12:14:59.99413+00,2,4,"1,3,4,6,7,9","10,8",11,85,0,false,,يونس,هود,هود,50.0,صفه
fd7e7e8c-ebc0-4389-b0a5-3ff4f57dc513,88dc27aa-48f1-43ac-9100-b82d62e68570,2026-07-03,22.0,21.0,9.0,9.0,13,29,"28 ",28,"28 ",jadeed ziyadah kari ne aawe,2026-07-03 12:07:09.672464+00,9 سطر,3,-,-,29,3 اية,0,false,,نوح,نوح,الصف,61.0,صفه
fddf53f4-0340-4d96-a826-aadf3b25bcd5,a0b86790-02d5-4d0a-ae4a-81bf20d44d1b,2026-06-10,0.0,0.0,0.0,0.0,33,11,8,11,8,Uzur,2026-06-10 11:42:24.721086+00,0,0,.,.,11,7,0,false,,يونس,يونس,يونس,0.0,صفه
feed55bd-6260-47e9-8a51-1eb6932f7889,7df8c8ef-c6cb-471e-98dc-a1b39ea1327f,2026-07-17,18.0,22.0,17.0,17.0,2,6,109,6,119,,2026-07-17 13:16:17.170665+00,1,6,,,6,107,0,false,,النساء,المائدة,المائدة,74.0,صفه